rank,company,h1b_filings,avg_salary,tier,sector
1,COGNIZANT TECHNOLOGY SOLUTIONS US CORP,92356,97707,2,Other
2,AMAZONCOM SERVICES LLC,80632,144532,2,Other
3,GOOGLE LLC,60076,167531,2,Other
4,TATA CONSULTANCY SERVICES LIMITED,59926,84929,2,Other
5,ERNST & YOUNG US LLP,57398,139780,2,Other
6,MICROSOFT CORPORATION,54879,158363,2,Other
7,INFOSYS LIMITED,36418,92947,2,Other
8,APPLE INC,28207,171902,2,Other
9,DELOITTE CONSULTING LLP,28026,128481,2,Other
10,CAPGEMINI AMERICA INC,23634,107583,2,Other
11,HCL AMERICA INC,23195,104506,2,Other
12,ACCENTURE LLP,23167,115348,2,Other
13,AMAZON WEB SERVICES INC,21972,141493,2,Other
14,WAL-MART ASSOCIATES INC,21204,139261,2,Other
15,META PLATFORMS INC,20747,198977,2,Other
16,INTEL CORPORATION,19593,117760,2,Other
17,JPMORGAN CHASE & CO,18445,147828,2,Other
18,WIPRO LIMITED,15839,86696,2,Other
19,IBM CORPORATION,15458,112852,2,Other
20,QUALCOMM TECHNOLOGIES INC,13038,130753,2,Other
21,COMPUNNEL SOFTWARE GROUP INC,12744,103255,2,Other
22,TECH MAHINDRA (AMERICAS) INC,10904,97527,2,Other
23,FACEBOOK INC,10847,173781,2,Other
24,TESLA INC,10040,145834,2,Other
25,AMAZON DEVELOPMENT CENTER US INC,9459,148263,2,Other
26,DELOITTE & TOUCHE LLP,9421,92063,2,Other
27,CISCO SYSTEMS INC,9271,136151,2,Other
28,GOLDMAN SACHS & CO LLC,8168,134332,2,Other
29,INTERNATIONAL BUSINESS MACHINES CORPORATION,8066,102277,2,Other
30,SALESFORCE INC,7399,193616,2,Other
31,LINKEDIN CORPORATION,7271,156862,2,Other
32,CITIBANK NA,6880,150257,2,Other
33,FIDELITY TECHNOLOGY GROUP LLC,6729,110355,2,Other
34,NVIDIA CORPORATION,6710,174437,2,Other
35,MPHASIS CORPORATION,6437,116019,2,Other
36,PAYPAL INC,6348,160351,2,Other
37,LTIMINDTREE LIMITED,6297,106468,2,Other
38,ORACLE AMERICA INC,6200,133859,2,Other
39,PRICEWATERHOUSECOOPERS ADVISORY SERVICES LLC,6182,159340,2,Other
40,ATOS SYNTEL INC,5596,96249,2,Other
41,ADOBE INC,5349,165212,2,Other
42,SALESFORCECOM INC,5332,147965,2,Other
43,UBER TECHNOLOGIES INC,5284,170620,2,Other
44,CUMMINS INC,5233,88617,2,Other
45,L&T TECHNOLOGY SERVICES LIMITED,5214,88093,2,Other
46,TEKORG INC,5111,80313,2,Other
47,EBAY INC,4934,170461,2,Other
48,VIRTUSA CORPORATION,4882,110578,2,Other
49,CGI TECHNOLOGIES AND SOLUTIONS INC,4786,109149,2,Other
50,SYNECHRON INC,4675,108180,2,Other
51,UST GLOBAL INC,4660,100198,2,Other
52,BYTEDANCE INC,4653,201760,2,Other
53,FORD MOTOR COMPANY,4616,110430,2,Other
54,SERVICENOW INC,4475,138568,2,Other
55,CAPITAL ONE SERVICES LLC,4449,114342,2,Other
56,RANDSTAD TECHNOLOGIES LLC,4449,119770,2,Other
57,BANK OF AMERICA NA,4417,143374,2,Other
58,DELOITTE TAX LLP,4384,87931,2,Other
59,HEXAWARE TECHNOLOGIES INC,4319,94375,2,Other
60,VMWARE INC,4258,167503,2,Other
61,INTUIT INC,4153,155049,2,Other
62,AMAZON DATA SERVICES INC,4026,139702,2,Other
63,COMCAST CABLE COMMUNICATIONS LLC,3983,116063,2,Other
64,GOLDMAN SACHS SERVICES LLC,3976,134063,2,Other
65,MINDTREE LIMITED,3953,94359,2,Other
66,UNIVERSITY OF MICHIGAN,3906,78623,2,Other
67,MORGAN STANLEY SERVICES GROUP INC,3901,151992,2,Other
68,MCKINSEY & COMPANY INC UNITED STATES,3880,159164,2,Other
69,RIVIAN AUTOMOTIVE LLC,3844,147588,2,Other
70,US BANK NATIONAL ASSOCIATION,3826,124928,2,Other
71,AMERICAN EXPRESS TRAVEL RELATED SERVICES COMPANY INC,3568,140835,2,Other
72,VISA TECHNOLOGY & OPERATIONS LLC,3483,126838,2,Other
73,ADVANCED MICRO DEVICES INC,3454,145829,2,Other
74,FIS MANAGEMENT SERVICES LLC,3406,126424,2,Other
75,LARSEN & TOUBRO INFOTECH LIMITED,3402,94636,2,Other
76,T-MOBILE USA INC,3391,137150,2,Other
77,KPMG LLP,3313,128576,2,Other
79,HEWLETT PACKARD ENTERPRISE COMPANY,3187,147958,2,Other
80,MASTECH DIGITAL TECHNOLOGIES INC,3090,97117,2,Other
81,PRICEWATERHOUSECOOPERS LLP,3076,125490,2,Other
82,DFS CORPORATE SERVICES LLC,3059,112122,2,Other
83,WELLS FARGO BANK NA,3025,132053,2,Other
84,JOHNS HOPKINS UNIVERSITY,2887,86287,2,Other
85,THE LELAND STANFORD JR UNIVERSITY,2877,95848,2,Other
86,BLOOMBERG LP,2847,136540,2,Other
87,GENERAL MOTORS COMPANY,2710,115969,2,Other
88,WESTERN DIGITAL TECHNOLOGIES INC,2678,132810,2,Other
89,PALO ALTO NETWORKS INC,2668,171032,2,Other
90,VISA USA INC,2668,129364,2,Other
91,TIKTOK INC,2638,205356,2,Other
92,CITIUSTECH INC,2595,97483,1,Health tech & Health IT
93,AT&T SERVICES INC,2566,155321,2,Other
94,CAREMARK LLC,2560,131230,1,Payers & Pharmacy benefits
95,APPLIED MATERIALS INC,2560,138601,2,Other
96,INFINITE COMPUTER SOLUTIONS INC,2540,103081,2,Other
97,AMAZONCOM SERVICES INC,2533,138989,2,Other
98,THE MATHWORKS INC,2497,115895,2,Other
99,MASTERCARD INTERNATIONAL INCORPORATED,2474,117624,2,Other
100,THE BOSTON CONSULTING GROUP INC,2457,162048,2,Other
101,FISERV SOLUTIONS LLC,2433,124568,2,Other
102,COLUMBIA UNIVERSITY,2410,96423,2,Other
103,CHARTER COMMUNICATIONS INC,2404,108958,2,Other
104,V-SOFT CONSULTING GROUP INC,2399,92049,2,Other
105,SNAP INC,2390,145773,2,Other
106,LUCID USA INC,2382,147304,2,Other
108,BLACKROCK FINANCIAL MANAGEMENT INC,2351,102501,2,Other
109,OPTUM SERVICES INC,2278,114389,1,Payers & Pharmacy benefits
110,TRUSTEES OF THE UNIVERSITY OF PENNSYLVANIA,2259,92906,2,Other
111,LOWE'S COMPANIES INC,2218,129015,2,Other
112,MAYO CLINIC,2211,107440,1,Hospitals & Health systems
113,SAP AMERICA INC,2208,143581,2,Other
114,FIDELITY TECHNOLOGY GROUP LLC D/B/A FIDELITY INVESTMENTS,2207,126401,2,Other
115,AETNA RESOURCES LLC,2205,134359,1,Payers & Pharmacy benefits
117,EMORY UNIVERSITY,2193,99471,2,Other
118,CREDIT SUISSE SECURITIES (USA) LLC,2162,135265,2,Other
120,SYSTEM SOFT TECHNOLOGIES LLC,2133,97368,2,Other
121,ANTHEM INC,2128,100228,1,Payers & Pharmacy benefits
122,UNIVERSITY OF CALIFORNIA SAN FRANCISCO,2107,101176,1,Academic medicine & Research
123,ELEVANCE HEALTH INC,2093,127000,1,Payers & Pharmacy benefits
124,UNIVERSITY OF WISCONSIN SYSTEM,2078,79198,2,Other
125,EXLSERVICECOM LLC,2069,107943,2,Other
126,PERSISTENT SYSTEMS INC,2065,96122,2,Other
127,YALE UNIVERSITY,2063,104668,2,Other
128,NIKE INC,2037,154730,2,Other
129,GLOBALLOGIC INC,2027,112454,2,Other
130,HTC GLOBAL SERVICES INC,1991,89158,2,Other
131,NATIONAL INSTITUTES OF HEALTH HHS,1983,99623,1,Academic medicine & Research
132,SKILLTUNE TECHNOLOGIES INC,1969,94725,2,Other
133,STATE STREET BANK AND TRUST COMPANY,1955,125143,2,Other
134,ERP ANALYSTS INC,1947,105539,2,Other
135,MICRON TECHNOLOGY INC,1933,116307,2,Other
136,WASHINGTON UNIVERSITY,1920,86410,2,Other
137,HARVARD UNIVERSITY,1919,89952,2,Other
138,AMERICAN AIRLINES INC,1917,96265,2,Other
139,NTT DATA INC,1902,104327,2,Other
140,ZS ASSOCIATES INC,1885,156904,1,Healthcare & life-sci consulting
141,CERNER CORPORATION,1871,87506,1,Health tech & Health IT
142,GENPACT LLC,1862,112258,2,Other
143,EXPEDIA INC,1849,127936,2,Other
144,ICAHN SCHOOL OF MEDICINE AT MOUNT SINAI,1845,110372,1,Academic medicine & Research
145,AUTODESK INC,1829,135970,2,Other
146,NORTHWESTERN UNIVERSITY,1829,78289,2,Other
147,UT SOUTHWESTERN MEDICAL CENTER,1814,85774,1,Academic medicine & Research
148,UNIVERSITY OF FLORIDA,1802,129971,2,Other
149,NETFLIX INC,1796,247017,2,Other
150,VERIZON DATA SERVICES LLC,1791,140355,2,Other
151,EPAM SYSTEMS INC,1787,122183,2,Other
152,ASML US LP,1784,128009,2,Other
153,TRUIST BANK,1775,123477,2,Other
154,FCA US LLC,1767,121316,2,Other
155,CADENCE DESIGN SYSTEMS INC,1766,139366,2,Other
156,BRILLIO LLC,1737,102440,2,Other
157,IBM INDIA PRIVATE LIMITED,1730,92026,2,Other
158,ST JUDE CHILDREN'S RESEARCH HOSPITAL,1730,80092,1,Academic medicine & Research
159,RANDSTAD DIGITAL LLC,1729,128931,2,Other
160,NATSOFT CORPORATION,1716,97760,2,Other
161,WAYMO LLC,1714,187513,2,Other
162,MEMORIAL SLOAN KETTERING CANCER CENTER,1705,114201,1,Academic medicine & Research
163,GOLDMAN SACHS BANK USA,1697,132198,2,Other
164,PINTEREST INC,1692,156102,2,Other
165,AMGEN INC,1691,129195,1,Pharma & Biotech
166,OATH HOLDINGS INC,1684,158932,2,Other
167,UNIVERSITY OF CALIFORNIA SAN DIEGO,1678,87099,2,Other
168,CATERPILLAR INC,1675,112899,2,Other
169,NOKIA OF AMERICA CORPORATION,1674,140204,2,Other
170,BARCLAYS SERVICES CORP,1653,154909,2,Other
171,PURDUE UNIVERSITY,1652,87278,2,Other
172,DELL USA LP,1651,140924,2,Other
173,DISCOVER PRODUCTS INC,1648,97556,2,Other
174,UNIVERSITY OF PITTSBURGH,1641,72069,2,Other
175,THE UNIVERSITY OF CHICAGO,1638,85582,2,Other
176,TARGET ENTERPRISE INC,1636,123983,2,Other
177,UBS BUSINESS SOLUTIONS US LLC,1629,135493,2,Other
178,EMC CORPORATION,1620,145601,2,Other
179,JUNIPER NETWORKS INC,1616,149075,2,Other
180,STRIPE INC,1588,146641,2,Other
181,GENERAL HOSPITAL CORPORATION,1586,71055,1,Hospitals & Health systems
182,UT-BATTELLE LLC (OAK RIDGE NATIONAL LABORATORY),1581,108452,2,Other
183,AVCO CONSULTING INC,1575,99509,2,Other
184,EQUIFAX INC,1570,117596,2,Other
185,NUTANIX INC,1565,157635,2,Other
187,CHARLES SCHWAB AND COMPANY INC,1542,126572,2,Other
188,DOORDASH INC,1539,190410,2,Other
189,IQVIA INC,1532,124693,1,CRO & Life-sci services
190,THE UNIVERSITY OF ALABAMA AT BIRMINGHAM,1532,74352,2,Other
191,WORKDAY INC,1530,147364,2,Other
192,DALLAS INDEPENDENT SCHOOL DISTRICT,1529,65943,2,Other
193,INDEED INC,1528,132415,2,Other
194,WAYFAIR LLC,1520,140105,2,Other
195,MASSACHUSETTS INSTITUTE OF TECHNOLOGY,1501,86114,2,Other
196,UNIVERSITY OF MINNESOTA,1492,76369,2,Other
197,SNOWFLAKE INC,1487,174617,2,Other
198,TEXAS A&M UNIVERSITY,1486,83764,2,Other
199,BOFA SECURITIES INC,1478,182711,2,Other
200,TWILIO INC,1474,174667,2,Other
201,FEDERAL EXPRESS CORPORATION,1471,108555,2,Other
202,MEDTRONIC INC,1468,107454,1,MedTech & Devices
203,FEDEX CORPORATE SERVICES INC,1459,89090,2,Other
204,NTT DATA SERVICES LLC,1456,110360,2,Other
205,THE TRUSTEES OF PRINCETON UNIVERSITY,1448,82001,2,Other
206,COLLABORATE SOLUTIONS INC,1446,92786,2,Other
207,THE OHIO STATE UNIVERSITY,1442,100341,2,Other
208,GENERAL MOTORS,1442,139573,2,Other
209,THE UNIVERSITY OF IOWA,1440,116065,2,Other
210,NORDSTROM INC,1438,149176,2,Other
212,INTUITIVE SURGICAL OPERATIONS INC,1436,143397,1,MedTech & Devices
213,AKAMAI TECHNOLOGIES INC,1434,142367,2,Other
214,AIRBNB INC,1432,190914,2,Other
215,UNIVERSITY OF ILLINOIS,1425,83427,2,Other
216,THE UNIVERSITY OF TEXAS MD ANDERSON CANCER CENTER,1420,91589,1,Academic medicine & Research
217,GILEAD SCIENCES INC,1416,134368,1,Pharma & Biotech
218,PROKARMA INC,1416,110010,2,Other
219,HUMANA INC,1409,131786,1,Payers & Pharmacy benefits
220,THE UNIVERSITY OF TEXAS AT AUSTIN,1406,89634,2,Other
221,ZOOX INC,1395,157059,2,Other
222,NAGARRO INC,1389,92832,2,Other
223,CHARLES SCHWAB & COMPANY INC,1384,151896,2,Other
224,BAYLOR COLLEGE OF MEDICINE,1382,84294,1,Academic medicine & Research
226,UNIVERSITY OF CALIFORNIA LOS ANGELES,1371,103066,2,Other
227,VIRTUSA CONSULTING SERVICES PVT LTD,1370,103790,2,Other
228,CVS PHARMACY INC,1366,138915,1,Pharmacy & Distribution
229,THE PENNSYLVANIA STATE UNIVERSITY,1364,84013,2,Other
230,IRIS SOFTWARE INC,1362,120716,2,Other
231,SLK AMERICA INC,1355,86993,2,Other
232,BRISTOL-MYERS SQUIBB COMPANY,1343,146543,1,Pharma & Biotech
233,KLA CORPORATION,1341,143838,2,Other
234,CHEWY INC,1340,147925,2,Other
235,PEOPLE TECH GROUP INC,1336,113280,2,Other
236,QUALCOMM ATHEROS INC,1327,137349,2,Other
237,INTERCONTINENTAL EXCHANGE HOLDINGS INC,1323,109685,2,Other
238,CAPITAL ONE NATIONAL ASSOCIATION,1317,115802,2,Other
239,GOVERNMENT EMPLOYEES INSURANCE COMPANY (GEICO),1316,127334,2,Other
240,SLALOM LLC,1315,126451,2,Other
241,ERICSSON INC,1314,113886,2,Other
243,MICHIGAN STATE UNIVERSITY,1313,84453,2,Other
244,DELL PRODUCTS LP,1310,141976,2,Other
245,LAM RESEARCH CORPORATION,1297,128435,2,Other
246,DUKE UNIVERSITY,1294,89696,2,Other
248,SONY INTERACTIVE ENTERTAINMENT LLC,1285,150962,2,Other
249,UNIVERSITY OF WASHINGTON,1280,105474,2,Other
250,DB USA CORE CORPORATION,1270,122332,2,Other
251,TWITTER INC,1270,176228,2,Other
252,PHOTON INFOTECH INC,1269,105642,2,Other
253,HCL AMERICA SOLUTIONS INC,1263,93531,2,Other
254,ELI LILLY AND COMPANY,1262,131756,1,Pharma & Biotech
255,ZILLOW INC,1245,161155,2,Other
256,LYFT INC,1243,172999,2,Other
257,UNIVERSITY OF CALIFORNIA DAVIS,1239,101250,2,Other
258,ADP TECHNOLOGY SERVICES INC,1224,119020,2,Other
259,TEXAS INSTRUMENTS INCORPORATED,1221,133895,2,Other
260,THE UNIVERSITY OF SOUTHERN CALIFORNIA,1211,83305,2,Other
261,SYNOPSYS INC,1202,138282,2,Other
262,HOME DEPOT MANAGEMENT COMPANY LLC,1198,137394,2,Other
263,NYU GROSSMAN SCHOOL OF MEDICINE,1193,106041,1,Academic medicine & Research
264,NETAPP INC,1192,149795,2,Other
265,BRIGHAM AND WOMEN'S HOSPITAL,1182,77402,1,Hospitals & Health systems
266,DB GLOBAL TECHNOLOGY INC,1181,122251,2,Other
267,QUEST GLOBAL SERVICES- NA INC,1170,90499,2,Other
268,BATTELLE MEMORIAL INSTITUTE,1163,101303,2,Other
269,UNIVERSITY OF CALIFORNIA BERKELEY,1160,93141,2,Other
271,CITIZENS FINANCIAL GROUP INC,1153,121274,2,Other
272,MARLABS INC,1150,89227,2,Other
273,SIEMENS INDUSTRY SOFTWARE INC,1149,130467,2,Other
274,WEILL CORNELL MEDICAL COLLEGE,1146,90664,1,Academic medicine & Research
276,TEK LEADERS INC,1133,89085,2,Other
277,PURE STORAGE INC,1132,180087,2,Other
278,CBRE INC,1128,110920,2,Other
279,JB HUNT TRANSPORT INC,1126,108686,2,Other
280,ANALOG DEVICES INC,1119,123394,2,Other
281,SAMSUNG AUSTIN SEMICONDUCTOR LLC,1119,134633,2,Other
282,THE UNIVERSITY OF VIRGINIA,1119,81527,2,Other
283,UNIVERSITY OF MARYLAND COLLEGE PARK,1110,91626,2,Other
284,BIRLASOFT SOLUTIONS INC,1107,99740,2,Other
285,NXP USA INC,1107,136995,2,Other
286,THE CURATORS OF THE UNIVERSITY OF MISSOURI,1106,86422,2,Other
287,SAVANNAH CHATHAM COUNTY PUBLIC SCHOOL SYSTEM,1105,60576,2,Other
288,NTT DATA AMERICAS INC,1103,112921,2,Other
289,CRUISE LLC,1102,190804,2,Other
290,ABBVIE INC,1100,136086,1,Pharma & Biotech
291,CIGNA-EVERNORTH SERVICES INC,1099,139411,1,Payers & Pharmacy benefits
293,SPOTIFY USA INC,1094,186036,2,Other
294,DEUTSCHE BANK SECURITIES INC,1091,146730,2,Other
295,INTRAEDGE INC,1089,96774,2,Other
296,PERFICIENT INC,1086,126836,2,Other
297,COMPUTER SCIENCES CORPORATION,1083,92629,2,Other
298,SAPPHIRE SOFTWARE SOLUTIONS INC,1081,96706,2,Other
299,STARBUCKS COFFEE COMPANY,1079,150461,2,Other
300,ROBINHOOD MARKETS INC,1073,174967,2,Other
301,MPG OPERATIONS LLC,1069,119692,2,Other
302,ARIZONA STATE UNIVERSITY,1067,84871,2,Other
304,PIONEER CONSULTING SERVICES LLC,1064,99179,2,Other
305,HP INC,1059,121319,2,Other
306,TRANSUNION LLC,1058,104711,2,Other
307,COFORGE LIMITED,1054,102623,2,Other
308,IDEXCEL INC,1052,105391,2,Other
309,ARM INC,1046,139356,2,Other
310,DROPBOX INC,1045,164805,2,Other
311,CHILDREN'S HOSPITAL CORPORATION,1045,83004,1,Hospitals & Health systems
313,ELECTRONIC ARTS INC,1034,145811,2,Other
314,RUTGERS THE STATE UNIVERSITY OF NEW JERSEY,1034,99179,2,Other
315,EFICENS SYSTEMS INC,1031,93667,2,Other
316,APTIV CORPORATION,1028,101388,2,Other
317,VIRGINIA POLYTECHNIC INSTITUTE & STATE UNIVERSITY,1027,85236,2,Other
318,UNIVERSITY OF COLORADO,1023,86846,2,Other
319,EFICENS SYSTEMS LLC,1022,90434,2,Other
320,FORTINET INC,1022,149284,2,Other
321,AECOM TECHNICAL SERVICES INC,1022,94610,2,Other
322,ROCKWELL COLLINS INC,1021,105204,2,Other
323,THE BANK OF NEW YORK MELLON,1019,148132,2,Other
324,BEST BUY CO INC,1018,139031,2,Other
325,MAPLEBEAR INC,1017,176469,2,Other
326,CORNELL UNIVERSITY,1016,95437,2,Other
327,UNIVERSITY OF UTAH,1009,106434,2,Other
328,INDIANA UNIVERSITY,1004,87003,2,Other
329,CITIGROUP GLOBAL MARKETS INC,997,168902,2,Other
330,DANA-FARBER CANCER INSTITUTE,993,82360,1,Academic medicine & Research
331,THE NORTHERN TRUST COMPANY,991,128901,2,Other
332,SPLUNK INC,985,182543,2,Other
333,KPIT TECHNOLOGIES INC,978,97181,2,Other
334,AMGEN INCORPORATED,975,122934,1,Pharma & Biotech
335,COX AUTOMOTIVE CORPORATE SERVICES LLC,974,136110,2,Other
336,ILLUMINA INC,972,121707,1,Life-sci tools & Diagnostics
337,TECHNOSOFT CORPORATION,970,93928,2,Other
338,SCHLUMBERGER TECHNOLOGY CORPORATION,968,114156,2,Other
339,NORTHWESTERN MUTUAL LIFE INSURANCE COMPANY,965,125565,2,Other
340,ECLINICALWORKS LLC,959,107973,1,Health tech & Health IT
341,HEADSTRONG SERVICES LLC,958,111176,2,Other
342,DISH NETWORK LLC,957,106065,2,Other
343,NEW YORK UNIVERSITY,956,101747,2,Other
344,MORGAN STANLEY & CO LLC,953,191200,2,Other
345,JEFFERIES LLC,953,140359,2,Other
346,GP TECHNOLOGIES LLC,951,94636,2,Other
347,ZENSAR TECHNOLOGIES INC,948,107422,2,Other
348,MIRACLE SOFTWARE SYSTEMS INC,945,93518,2,Other
349,SYNAPSIS INC,944,86212,2,Other
350,GEORGIA INSTITUTE OF TECHNOLOGY,941,86784,2,Other
351,VERIDIC SOLUTIONS LLC,936,89292,2,Other
352,SRS CONSULTING INC,931,113032,2,Other
353,GENENTECH INC,926,132781,1,Pharma & Biotech
354,NORTH CAROLINA STATE UNIVERSITY,921,76793,2,Other
355,MASTERCARD TECHNOLOGIES LLC,921,125966,2,Other
356,UNIVERSITY OF NORTH CAROLINA AT CHAPEL HILL,917,100056,2,Other
357,DOCUSIGN INC,912,182658,2,Other
358,SAMSUNG ELECTRONICS AMERICA INC,911,152235,2,Other
359,INFORMATICA LLC,910,128677,2,Other
360,3I INFOTECH INC,910,92581,2,Other
361,MOODY'S ANALYTICS INC,907,136255,2,Other
362,THE CHILDREN'S HOSPITAL OF PHILADELPHIA,904,68191,1,Hospitals & Health systems
363,THERMO FISHER SCIENTIFIC INC,904,113396,1,Life-sci tools & Diagnostics
364,RED HAT INC,904,125918,2,Other
365,UNIVERSITY OF MIAMI,904,125448,2,Other
366,ROKU INC,900,197979,2,Other
367,VENTOIS INC,899,106069,2,Other
368,DATABRICKS INC,897,165496,2,Other
369,IOWA STATE UNIVERSITY OF SCIENCE AND TECHNOLOGY,897,74311,2,Other
370,HUGHES NETWORK SYSTEMS LLC,896,111281,2,Other
371,LAWRENCE BERKELEY NATIONAL LABORATORY,893,112600,2,Other
372,ARISTA NETWORKS INC,893,129824,2,Other
373,STAPLES INC,891,127394,2,Other
374,ANTRA INC,888,88860,2,Other
375,EPSILON DATA MANAGEMENT LLC,888,130872,2,Other
376,GODADDYCOM LLC,882,133272,2,Other
377,TAVANT TECHNOLOGIES INC,881,122458,2,Other
378,MILWAUKEE BOARD OF SCHOOL DIRECTORS,877,50442,2,Other
379,AMAZON ADVERTISING LLC,874,137518,2,Other
380,ROBLOX CORPORATION,872,246599,2,Other
381,MICROCHIP TECHNOLOGY INC,871,97658,2,Other
382,AXTRIA INC,869,121660,1,Healthcare & life-sci consulting
383,MARVELL SEMICONDUCTOR INC,869,146532,2,Other
384,AUDIBLE INC,866,154949,2,Other
385,ASTRAZENECA PHARMACEUTICALS LP,866,150046,1,Pharma & Biotech
386,MEDLINE INDUSTRIES LP,863,128553,1,Pharmacy & Distribution
387,SAP LABS LLC,860,149445,2,Other
388,HOWARD HUGHES MEDICAL INSTITUTE,860,77894,1,Academic medicine & Research
389,PERSISTENT SYSTEMS LIMITED,857,97289,2,Other
390,NISUM TECHNOLOGIES INC,856,129553,2,Other
391,PAYCOM PAYROLL LLC,855,110391,2,Other
392,XILINX INC,855,154673,2,Other
394,DXC TECHNOLOGY SERVICES LLC,853,100558,2,Other
395,VERTEX PHARMACEUTICALS INCORPORATED,851,121109,1,Pharma & Biotech
396,TRIAD NATIONAL SECURITY LLC,850,113411,2,Other
397,INFOCONS INC,850,95043,2,Other
398,TRUSTEES OF BOSTON UNIVERSITY,844,109477,2,Other
399,VISTA APPLIED SOLUTIONS GROUP INC,844,96679,2,Other
400,CONCENTRIX CVG CUSTOMER MANAGEMENT GROUP INC,842,111122,2,Other
401,HENRY FORD HEALTH SYSTEM,838,128418,1,Hospitals & Health systems
402,SAFEWAY INC,838,166141,2,Other
403,INSURANCE SERVICES OFFICE INC,831,116801,2,Other
404,CARNEGIE MELLON UNIVERSITY,823,88040,2,Other
405,EQUINIX INC,820,137221,2,Other
406,ZSCALER INC,818,167078,2,Other
407,ATLASSIAN US INC,818,183219,2,Other
408,YASH TECHNOLOGIES INC,814,110351,2,Other
409,DISH WIRELESS LLC,813,106732,2,Other
410,MCKESSON CORPORATION,813,135612,1,Pharmacy & Distribution
411,HEALTH CARE SERVICE CORPORATION,811,112414,1,Payers & Pharmacy benefits
412,QUADRANT RESOURCE LLC,810,99496,2,Other
413,REGENERON PHARMACEUTICALS INC,804,143434,1,Pharma & Biotech
414,UNIVERSITY OF KENTUCKY,802,130940,2,Other
415,UNIVERSITY OF COLORADO DENVER,799,76803,2,Other
416,SAMSUNG SEMICONDUCTOR INC,798,150262,2,Other
417,THE DEVEREUX FOUNDATION,793,41810,1,Hospitals & Health systems
418,RELIABLE SOFTWARE RESOURCES,792,89949,2,Other
420,ORION SYSTEMS INTEGRATORS LLC,788,107761,2,Other
421,SAGE IT INC,785,94848,2,Other
422,STRATEGIC SYSTEMS INC,784,87788,2,Other
423,THE UNIVERSITY OF TEXAS HEALTH SCIENCE CENTER AT HOUSTON,784,120193,1,Academic medicine & Research
424,MONTEFIORE MEDICAL CENTER,783,138425,1,Academic medicine & Research
425,ITC INFOTECH (USA) INC,774,101086,2,Other
426,THE PRUDENTIAL INSURANCE COMPANY OF AMERICA,772,138699,2,Other
427,NORTHWELL HEALTH,772,147345,1,Hospitals & Health systems
428,PPD DEVELOPMENT LP,771,99993,1,CRO & Life-sci services
429,ROBERT BOSCH LLC,770,120128,2,Other
430,CREDIT SUISSE SERVICES (USA) LLC,769,113522,2,Other
431,OREGON HEALTH & SCIENCE UNIVERSITY,760,115056,1,Academic medicine & Research
432,AFFIRM INC,760,175787,2,Other
433,UNIVERSITY OF MARYLAND BALTIMORE,758,102045,2,Other
434,BOSTON CONSULTING GROUP INC,758,181991,2,Other
435,QUALCOMM INNOVATION CENTER INC,758,126235,2,Other
436,THE VANGUARD GROUP,758,135858,2,Other
437,CYBERTHINK INC,757,88631,2,Other
438,UNIVERSITY OF ROCHESTER,757,118596,2,Other
439,METLIFE GROUP INC,757,118092,2,Other
440,WSP USA INC,756,107360,2,Other
441,CIGNITI TECHNOLOGIES INC,756,97735,2,Other
442,3D TECHNOLOGIES LLC,753,80139,2,Other
443,SIRIUS XM RADIO INC,751,134480,2,Other
444,CINCINNATI CHILDREN'S HOSPITAL MEDICAL CENTER,748,95459,1,Academic medicine & Research
445,COINBASE INC,748,192137,2,Other
446,KASTECH SOLUTIONS LLC,747,101380,2,Other
447,CARDINAL HEALTH,744,107908,1,Pharmacy & Distribution
448,TIGER ANALYTICS INC,738,152927,2,Other
449,CENTENE MANAGEMENT COMPANY LLC,737,125197,1,Payers & Pharmacy benefits
450,UCHICAGO ARGONNE LLC,737,86715,2,Other
451,ZIMMER INC,737,96128,1,MedTech & Devices
452,CALIFORNIA INSTITUTE OF TECHNOLOGY,734,85519,2,Other
453,BLACK & VEATCH CORPORATION,734,94316,2,Other
454,FEDERAL SOFT SYSTEMS INC,732,84494,2,Other
455,EVERNORTH ENTERPRISE SERVICES INC,730,125007,1,Payers & Pharmacy benefits
456,UNIVERSITY OF ARKANSAS FOR MEDICAL SCIENCES,730,158661,1,Academic medicine & Research
457,SATIN SOLUTIONS LLC,729,94824,2,Other
458,ASTIR IT SOLUTIONS INC,728,94401,2,Other
459,TELADOC HEALTH INC,727,124801,1,Health tech & Health IT
460,BECTON DICKINSON AND COMPANY,725,123311,1,MedTech & Devices
461,TECHNUMEN INC,725,97617,2,Other
462,ZOOM VIDEO COMMUNICATIONS INC,724,139709,2,Other
463,TIKTOK US DATA SECURITY INC,724,197192,2,Other
464,JACOBS ENGINEERING GROUP INC,723,99646,2,Other
465,TEMPLE UNIVERSITY--A COMMONWEALTH UNIVERSITY,723,95776,2,Other
466,INFOGAIN CORPORATION,722,105423,2,Other
467,TAKEDA DEVELOPMENT CENTER AMERICAS INC,719,146680,1,Pharma & Biotech
468,E-GIANTS TECHNOLOGIES LLC,719,90261,2,Other
469,F5 INC,717,162801,2,Other
470,SCHNEIDER ELECTRIC USA INC,717,117818,2,Other
473,SAPIENT CORPORATION,715,147651,2,Other
475,TATA TECHNOLOGIES INC,710,87063,2,Other
476,ROBOTICS TECHNOLOGIES LLC,709,78021,2,Other
477,DIASPARK INC,707,87524,2,Other
478,MANHATTAN ASSOCIATES INC,707,120280,2,Other
479,ASM AMERICA INC,707,102110,2,Other
480,ANSYS INC,707,111723,2,Other
481,ARTIFINT TECHNOLOGIES LLC,706,81382,2,Other
482,CSC COVANSYS CORPORATION,705,92667,2,Other
483,BOSTON SCIENTIFIC CORPORATION,704,111967,1,MedTech & Devices
484,MACHINE LEARNING TECHNOLOGIES LLC,704,77998,2,Other
485,AMDOCS INC,703,118189,2,Other
486,SLALOM INC,702,143696,2,Other
487,UNIVERSITY OF ILLINOIS AT CHICAGO,699,101374,2,Other
488,INDIANA UNIVERSITY PURDUE UNIVERSITY INDIANAPOLIS,698,71259,2,Other
489,ASURION LLC,698,137890,2,Other
490,TOTAL SYSTEM SERVICES LLC,697,108643,2,Other
491,INTONE NETWORKS INC,693,104535,2,Other
492,INNOVA SOLUTIONS INC,693,106887,2,Other
493,CONFLUENT INC,693,182090,2,Other
494,AMERICAN EXPRESS COMPANY,692,132576,2,Other
495,CREDIT KARMA LLC,691,209521,2,Other
496,VCLOUD TECHNOLOGY GROUP LLC,690,81544,2,Other
497,MASSACHUSETTS MUTUAL LIFE INSURANCE COMPANY,689,123415,2,Other
498,THE GAP INC,689,148464,2,Other
499,7-ELEVEN INC,688,116456,2,Other
500,STRATEGIC RESOURCES INTERNATIONAL INC,687,91828,2,Other
501,TWO SIGMA INVESTMENTS LP,684,200984,2,Other
502,COSTCO WHOLESALE CORPORATION,684,146391,2,Other
504,XORIANT CORPORATION,676,111096,2,Other
505,THE PNC FINANCIAL SERVICES GROUP INC,673,119823,2,Other
506,MARLABS LLC,671,91869,2,Other
507,RSM US LLP,671,120738,2,Other
508,AUTOMATION TECHNOLOGIES LLC,669,81368,2,Other
509,FIRST CITIZENS BANK AND TRUST CO,668,136096,2,Other
510,SKYWORKS SOLUTIONS INC,667,127791,2,Other
511,MUFG UNION BANK NA,663,133957,2,Other
512,PACIFIC INVESTMENT MANAGEMENT COMPANY LLC,661,162400,2,Other
513,BLOCKCHAIN TECHNOLOGIES LLC,660,81703,2,Other
514,FIRST TEK INC,658,89862,2,Other
515,NORTHEASTERN UNIVERSITY,658,107879,2,Other
516,APPRIDAT SOLUTIONS LLC,658,94295,2,Other
517,UNITED SERVICES AUTOMOBILE ASSOCIATION,657,136841,2,Other
518,UNIVERSITY OF CONNECTICUT,657,78475,2,Other
519,COVIDIEN LP,653,101657,1,MedTech & Devices
520,HUBSPOT INC,653,161473,2,Other
521,DELTA AIR LINES INC,652,134609,2,Other
522,ALLIANCEBERNSTEIN LP,652,119187,2,Other
523,LEXISNEXIS RISK SOLUTIONS INC,649,107309,2,Other
524,MSCI INC,648,115131,2,Other
525,HONEYWELL INTERNATIONAL INC,648,133930,2,Other
526,AMERICAN FAMILY MUTUAL INSURANCE COMPANY SI,647,127220,2,Other
527,BLOCK INC,646,200009,2,Other
528,CASE WESTERN RESERVE UNIVERSITY,645,66653,2,Other
529,THE UNIVERSITY OF TENNESSEE,643,83273,2,Other
531,COGNIZANT WORLDWIDE LIMITED,642,105722,2,Other
532,GUIDEWIRE SOFTWARE INC,642,138211,2,Other
533,SEMICONDUCTOR COMPONENTS INDUSTRIES LLC,642,108703,2,Other
535,BROADRIDGE FINANCIAL SOLUTIONS INC,641,129901,2,Other
536,THE FLORIDA STATE UNIVERSITY,638,85267,2,Other
537,CITICORP CREDIT SERVICES INC (USA),638,139254,2,Other
538,CYBERSOURCE CORPORATION,638,125438,2,Other
539,INFOSTRETCH CORPORATION,637,114191,2,Other
540,TWITCH INTERACTIVE INC,636,162514,2,Other
541,THE VANGUARD GROUP INC,634,150821,2,Other
542,ASML US LLC,631,103633,2,Other
543,CYMA SYSTEMS INC,630,103890,2,Other
544,MAHAUGHA LLC,628,91175,2,Other
545,MONGODB INC,627,171634,2,Other
546,GEORGETOWN UNIVERSITY,627,89943,2,Other
547,COTIVITI INC,626,109083,1,Health tech & Health IT
548,MACY'S SYSTEMS AND TECHNOLOGY INC,625,136358,2,Other
549,TEXAS TECH UNIVERSITY,623,81510,2,Other
550,BAYER US LLC,622,141449,1,Pharma & Biotech
551,BROOKHAVEN NATIONAL LABORATORY,619,107176,2,Other
552,HITACHI VANTARA LLC,619,99025,2,Other
553,DIGITAL TECHNOLOGIES LLC,618,79694,2,Other
554,UNIVERSITY OF CALIFORNIA IRVINE,618,90499,2,Other
555,MOODY'S INVESTORS SERVICE INC,617,138108,2,Other
556,BIOGEN INC,617,119978,1,Pharma & Biotech
557,DATA SCIENCE TECHNOLOGIES LLC,616,79995,2,Other
558,FARMERS GROUP INC,615,129709,2,Other
559,CEPHEID,613,136802,1,Life-sci tools & Diagnostics
560,ARIBA INC,613,143525,2,Other
561,ATLASSIAN INC,611,149784,2,Other
562,RUBRIK INC,610,173680,2,Other
563,HARMONY PUBLIC SCHOOLS,610,51465,2,Other
564,UNIVERSITY OF TEXAS HEALTH SCIENCE CENTER AT SAN ANTONIO,610,103841,1,Academic medicine & Research
565,INCEDO INC,609,110189,2,Other
566,KEYSIGHT TECHNOLOGIES INC,609,126422,2,Other
567,BOARD OF REGENTS OF THE UNIVERSITY OF NEBRASKA,608,73156,2,Other
568,CAPRUS IT INC,606,96194,2,Other
569,UNIVERSITY OF PITTSBURGH PHYSICIANS,604,248719,1,Hospitals & Health systems
570,DENVER PUBLIC SCHOOLS DISTRICT 1,603,65959,2,Other
571,NOVARTIS PHARMACEUTICALS CORPORATION,603,129938,1,Pharma & Biotech
572,NCR CORPORATION,602,97847,2,Other
573,ALTIMETRIK CORP,602,105410,2,Other
574,BITWISE INC,601,96970,2,Other
575,AMERICAN GENERAL LIFE INSURANCE COMPANY,599,114093,2,Other
576,HM HEALTH SOLUTIONS INC,599,108792,1,Payers & Pharmacy benefits
578,BAIN & COMPANY INC,598,175718,2,Other
579,ETOUCH SYSTEMS CORPORATION,597,112660,2,Other
580,CLOUDFLARE INC,597,158710,2,Other
581,WOLTERS KLUWER UNITED STATES INC,597,129693,2,Other
582,LPL FINANCIAL LLC,597,131211,2,Other
583,VISIONET SYSTEMS INC,595,90649,2,Other
584,DOTCOM TEAM LLC,593,97809,2,Other
585,PAMTEN INC,593,104589,2,Other
586,MARKIT NORTH AMERICA INC,592,109777,2,Other
587,CITY NATIONAL BANK,591,129221,2,Other
588,THE UNIVERSITY OF ARIZONA,590,74544,2,Other
589,BROWN UNIVERSITY,590,87737,2,Other
590,WESTERN UNION LLC,589,136939,2,Other
591,RIOT GAMES INC,587,148967,2,Other
592,KANAP SYSTEMS LLC,587,92674,2,Other
593,ROCKET MORTGAGE LLC,586,105587,2,Other
594,IT RESOURCES INC,584,94163,2,Other
595,ROBOTIC PROCESS AUTOMATION LLC,583,79435,2,Other
596,ITECH US INC,582,105858,2,Other
597,FIDELITY BROKERAGE SERVICES LLC,582,109342,2,Other
598,MOTIONAL AD INC,582,130108,2,Other
599,EXPERIAN INFORMATION SOLUTIONS INC,581,144049,2,Other
600,DEERE & COMPANY,581,117461,2,Other
601,SAGITEC SOLUTIONS LLC,581,108649,2,Other
602,COULOIR TECHNOLOGY GROUP INC,581,108148,2,Other
603,MACHINE INTELLIGENCE TECHNOLOGIES LLC,578,77355,2,Other
604,GSPANN TECHNOLOGIES INC,577,116101,2,Other
605,RAYMOND JAMES & ASSOCIATES INC,577,127052,2,Other
606,THE HUNTINGTON NATIONAL BANK,577,116190,2,Other
607,BDO USA LLP,575,95896,2,Other
608,BURNS & MCDONNELL ENGINEERING COMPANY INC,574,104944,2,Other
609,SWANKTEK INC,572,106131,2,Other
610,NEW YORK LIFE INSURANCE COMPANY,572,120400,2,Other
611,WHIRLPOOL CORPORATION,571,113048,2,Other
612,JUNIPER NETWORKS (US) INC,571,122723,2,Other
613,UNIVERSITY OF MISSISSIPPI MEDICAL CENTER,570,195680,1,Academic medicine & Research
614,DISTRICT OF COLUMBIA PUBLIC SCHOOLS,570,66937,2,Other
615,BROADCOM CORPORATION,570,158649,2,Other
616,LATENTVIEW ANALYTICS CORPORATION,569,127948,2,Other
617,UNIVERSITY OF SOUTH FLORIDA,569,92916,2,Other
618,VANDERBILT UNIVERSITY MEDICAL CENTER,568,100669,1,Academic medicine & Research
619,IQVIA RDS INC,567,125844,1,CRO & Life-sci services
620,FEDERAL HOME LOAN MORTGAGE CORPORATION,567,133237,2,Other
621,UNICON PHARMA INC,566,86659,2,Other
622,V3TECH SOLUTIONS INC,566,93477,2,Other
623,YAHOO HOLDINGS INC,566,161991,2,Other
624,HCA MANAGEMENT SERVICES LP,566,102307,1,Hospitals & Health systems
625,CEDARS-SINAI MEDICAL CENTER,565,83698,1,Academic medicine & Research
626,WEST VIRGINIA UNIVERSITY,564,201715,2,Other
627,ADMINISTRATORS OF THE TULANE EDUCATIONAL FUND,562,86036,2,Other
628,ATHENAHEALTH INC,561,134309,1,Health tech & Health IT
629,TUSIMPLE INC,560,98189,2,Other
630,TANISHA SYSTEMS INC,559,85603,2,Other
631,DIGIPULSE TECHNOLOGIES INC,558,129983,2,Other
632,STANTEC CONSULTING SERVICES INC,557,95390,2,Other
633,DEERE AND COMPANY,557,107924,2,Other
634,ALPHA NET CONSULTING LLC,557,114342,2,Other
635,BIRLASOFT INC,555,97724,2,Other
636,EMONICS LLC,554,84533,2,Other
637,COFORGE LIMITED F/K/A NIIT TECHNOLOGIES LIMITED,553,85696,2,Other
638,RELX INC,551,122190,2,Other
639,VALUEMOMENTUM INC,550,123764,2,Other
640,ZOETIS INC,550,112490,1,Pharma & Biotech
641,CONFLUX SYSTEMS INC,549,94620,2,Other
642,L&T TECHNOLOGY SERVICES LLC,549,99871,2,Other
643,NOVARTIS INSTITUTES FOR BIOMEDICAL RESEARCH INC,548,97516,1,Pharma & Biotech
644,SOUTHWEST AIRLINES CO,547,129805,2,Other
645,RBC CAPITAL MARKETS LLC,545,155158,2,Other
647,EVEREST CONSULTING GROUP INC,545,101425,2,Other
648,OKTA INC,544,143582,2,Other
649,CAREER SOFT SOLUTIONS INC,543,94070,2,Other
650,DATAQUAD INC,543,94675,2,Other
651,DGN TECHNOLOGIES INC,542,130948,2,Other
652,MOTOROLA SOLUTIONS INC,541,104495,2,Other
653,UNIVERSITY OF OKLAHOMA,540,75441,2,Other
654,SIEMENS ENERGY INC,539,121069,2,Other
655,MILWAUKEE ELECTRIC TOOL CORPORATION,538,102969,2,Other
656,TE CONNECTIVITY CORPORATION,538,112875,2,Other
657,ORACLE FINANCIAL SERVICES SOFTWARE INC,535,116065,2,Other
658,BLUE YONDER INC,534,111357,2,Other
659,EVERCORE PARTNERS SERVICES EAST LLC,533,151418,2,Other
660,SPERIDIAN TECHNOLOGIES LLC,533,90796,2,Other
661,HDR ENGINEERING INC,529,97746,2,Other
662,CLEVELAND CLINIC FOUNDATION,529,185080,1,Hospitals & Health systems
663,QUANTUM TECHNOLOGIES LLC,528,74940,2,Other
664,PROGRESSIVE CASUALTY INSURANCE COMPANY,527,115068,2,Other
665,ANALYSIS GROUP INC,527,133224,2,Other
666,CLOUDERA INC,527,167097,2,Other
667,INNOVATIVE CONSULTING SOLUTIONS LLC,527,93224,2,Other
668,REI SYSTEMS INC,524,121056,2,Other
669,THE BROAD INSTITUTE INC,524,94330,1,Academic medicine & Research
670,PELOTON INTERACTIVE INC,524,147189,2,Other
671,MODERNATX INC,522,124772,1,Pharma & Biotech
672,CIRQUETECH GROUP INC,522,108035,2,Other
673,NOBLESOFT SOLUTIONS INC,522,95776,2,Other
675,DATA INC,522,115909,2,Other
677,UNIVERSITY OF CALIFORNIA AT SANTA BARBARA,521,88620,2,Other
678,UNIVERSITY OF NOTRE DAME DU LAC,520,94069,2,Other
679,NAVY FEDERAL CREDIT UNION,520,143323,2,Other
680,LAWRENCE LIVERMORE NATIONAL SECURITY LLC,519,145696,2,Other
681,PYRAMID TECHNOLOGY SOLUTIONS INC,518,90687,2,Other
682,THE NIELSEN COMPANY (US) LLC,518,119143,2,Other
683,MOLEX LLC,518,107396,2,Other
684,NIAGARA BOTTLING LLC,517,116360,2,Other
685,COLORADO STATE UNIVERSITY,516,79083,2,Other
686,EATON CORPORATION,516,121397,2,Other
687,FUJITSU AMERICA INC,515,97861,2,Other
688,RUSH UNIVERSITY MEDICAL CENTER,515,104990,1,Academic medicine & Research
689,HSBC TECHNOLOGY & SERVICES (USA) INC,515,135058,2,Other
690,M ARTHUR GENSLER JR & ASSOCIATES INC,515,82660,2,Other
691,MYTHRI CONSULTING LLC,515,94436,2,Other
692,UNIVERSITY OF MASSACHUSETTS CHAN MEDICAL SCHOOL,514,78304,1,Academic medicine & Research
693,CAMELOT INTEGRATED SOLUTIONS INC,512,96846,2,Other
694,DATAEDGE INC,512,94389,2,Other
695,COGNIER INC,512,91213,2,Other
697,PALANTIR TECHNOLOGIES INC,510,160442,2,Other
698,NURO INC,510,173644,2,Other
699,HOME DEPOT PRODUCT AUTHORITY LLC,510,121503,2,Other
700,LOGIC PLANET INC,510,95470,2,Other
701,QUALTRICS LLC,507,165593,2,Other
702,DELL MARKETING LP,507,139740,2,Other
703,ZEBRA TECHNOLOGIES CORPORATION,506,117609,2,Other
704,ZIFO TECHNOLOGIES INC,506,89585,1,CRO & Life-sci services
706,DPR CONSTRUCTION A GENERAL PARTNERSHIP,504,102693,2,Other
707,MOURI TECH LLC,504,105520,2,Other
708,DELOITTE TRANSACTIONS AND BUSINESS ANALYTICS LLP,504,96295,2,Other
709,INFOSHARE SYSTEMS INC,504,92743,2,Other
710,DECISION SIX INC,503,91015,2,Other
711,CITADEL SECURITIES AMERICAS SERVICES LLC,503,236269,2,Other
712,CROWDSTRIKE INC,503,186358,2,Other
713,HARTFORD FIRE INSURANCE COMPANY,503,121026,2,Other
714,OREGON STATE UNIVERSITY,502,68779,2,Other
715,SABRE GLBL INC,502,114416,2,Other
716,GRANT THORNTON LLP,502,118226,2,Other
717,MEDICAL COLLEGE OF WISCONSIN INC,499,159735,1,Academic medicine & Research
718,COUPANG GLOBAL LLC,499,175464,2,Other
719,BOR USGA OBO AUGUSTA UNIVERSITY,498,124660,2,Other
720,ADVITHRI TECHNOLOGIES LLC,498,87158,2,Other
721,WHITE & CASE LLP,497,249177,2,Other
722,VIRGINIA COMMONWEALTH UNIVERSITY,495,67257,2,Other
723,ADVENTIST HEALTH SYSTEM/SUNBELT INC,494,75443,1,Hospitals & Health systems
724,CLOUD BIG DATA TECHNOLOGIES LLC,494,71122,2,Other
725,WM RICE UNIVERSITY,493,84072,2,Other
726,ICE MORTGAGE TECHNOLOGY INC,492,142364,2,Other
727,FUJITSU NORTH AMERICA INC,492,109751,2,Other
728,LEX NIMBLE SOLUTIONS INC,492,98181,2,Other
729,SUMITOMO MITSUI BANKING CORPORATION,492,129569,2,Other
730,MERCK SHARP & DOHME LLC,492,122935,1,Pharma & Biotech
731,NK TECHNOLABS LLC,492,115943,2,Other
733,JOHNSON CONTROLS INC,488,103466,2,Other
734,SIEMENS INDUSTRY INC,488,115518,2,Other
735,SIEMENS MEDICAL SOLUTIONS USA INC,487,131849,1,MedTech & Devices
736,SYSINTELLI INC,486,104570,2,Other
737,THE SHERWIN-WILLIAMS COMPANY,486,110299,2,Other
738,MSR TECHNOLOGY GROUP LLC,485,101531,2,Other
739,TRINET USA INC,484,139181,2,Other
740,MAGNA ELECTRONICS INC,482,108729,2,Other
741,VMWARE LLC,482,192886,2,Other
742,STRYKER CORPORATION,482,119771,1,MedTech & Devices
743,METRIX IT SOLUTIONS INC,482,98570,2,Other
744,DASSAULT SYSTEMES AMERICAS CORP,482,126705,2,Other
745,AVANI TECHNOLOGY SOLUTIONS INC,481,99299,2,Other
746,NEW YORK TECHNOLOGY PARTNERS INC,481,92738,2,Other
747,UNIVERSITY OF OKLAHOMA HEALTH SCIENCES CENTER,481,113690,1,Academic medicine & Research
748,ARCADIS US INC,480,94692,2,Other
749,CITRIX SYSTEMS INC,480,137500,2,Other
751,VERIZON CORPORATE RESOURCES GROUP LLC,479,141281,2,Other
752,PTC INC,478,115917,2,Other
753,UPMC MEDICAL EDUCATION,477,69623,1,Hospitals & Health systems
754,NESS USA INC,476,104765,2,Other
756,SQUARE INC,476,166549,2,Other
757,CYIENT INC,474,76290,2,Other
758,ORPINE INC,474,96339,2,Other
759,MICAN TECHNOLOGIES INC,473,116271,2,Other
760,WASHINGTON STATE UNIVERSITY,471,82260,2,Other
761,DELOITTE SERVICES LP,470,110059,2,Other
762,UNITED WHOLESALE MORTGAGE LLC,470,113770,2,Other
763,TEXAS A&M AGRILIFE RESEARCH,470,58150,2,Other
764,CITADEL AMERICAS SERVICES LLC,470,206277,2,Other
765,NAMITUS TECHNOLOGIES INC,470,93860,2,Other
766,ALIXPARTNERS LLP,469,174280,2,Other
767,CANOO TECHNOLOGIES INC,469,142067,2,Other
768,VERILY LIFE SCIENCES LLC,468,156396,1,MedTech & Devices
769,M&T BANK,468,118342,2,Other
770,CNET GLOBAL SOLUTIONS INC,468,100494,2,Other
771,MARRIOTT INTERNATIONAL INC,467,149136,2,Other
772,GLOBALFOUNDRIES US INC,465,101904,2,Other
773,TEKSYSTEMS GLOBAL SERVICES LLC,464,133578,2,Other
774,CA INC,464,147980,2,Other
775,MERRILL LYNCH,464,140652,2,Other
776,STANFORD HEALTH CARE,463,120581,1,Hospitals & Health systems
777,UPSTART NETWORK INC,463,170968,2,Other
778,IMR SOFT LLC,461,100824,2,Other
779,COPART INC,461,111477,2,Other
780,VANDERBILT UNIVERSITY,460,82557,2,Other
781,PIONEER CONSULTING LLC,460,98552,2,Other
782,COMTEC CONSULTANTS INC,460,104709,2,Other
783,QUALCOMM INCORPORATED,460,118425,2,Other
784,LS SOLUTIONS INC,459,91833,2,Other
785,ENVIRONMENTAL SYSTEMS RESEARCH INSTITUTE INC,458,102641,2,Other
786,ALLY BANK,458,122922,2,Other
787,SAMSUNG RESEARCH AMERICA INC,458,159027,2,Other
788,THE DOW CHEMICAL COMPANY,457,110393,2,Other
789,ACE AMERICAN INSURANCE COMPANY,457,139718,2,Other
790,AUBURN UNIVERSITY,456,83501,2,Other
791,ALTEN TECHNOLOGY USA INC,456,81365,2,Other
792,UNIVERSITY OF ALABAMA HEALTH SERVICES FOUNDATION PC,456,228820,1,Hospitals & Health systems
793,THE UNIVERSITY OF ALABAMA,455,81350,2,Other
794,CIBER GLOBAL LLC,454,89657,2,Other
795,ROCKWELL AUTOMATION INC,453,122859,2,Other
796,ONEMAIN GENERAL SERVICES CORPORATION,452,92421,2,Other
797,PARAMOUNT SOFTWARE SOLUTIONS INC,452,96881,2,Other
798,FIRST REPUBLIC BANK,451,153715,2,Other
799,ARCHER DANIELS MIDLAND COMPANY,450,122627,2,Other
800,ANCESTRYCOM OPERATIONS INC,450,141610,2,Other
801,OKLAHOMA STATE UNIVERSITY,449,68939,2,Other
802,TREDENCE INC,449,146491,2,Other
803,LABORATORY CORPORATION OF AMERICA HOLDINGS,448,124331,1,Life-sci tools & Diagnostics
804,FLEXPORT INC,448,162455,2,Other
805,BARCLAYS SERVICES LLC,447,149596,2,Other
806,BAANYAN SOFTWARE SERVICES INC,447,84735,2,Other
807,REDDIT INC,446,225198,2,Other
808,NB VENTURES INC,446,122583,2,Other
809,CORE TECH CONSTRUCTION CORPORATION,446,61290,2,Other
810,THE SCRIPPS RESEARCH INSTITUTE,446,72294,1,Academic medicine & Research
811,VALUELABS INC,445,103060,2,Other
812,RINGCENTRAL INC,445,158762,2,Other
813,CLEMSON UNIVERSITY,445,76918,2,Other
814,DAVITA INC,444,107750,1,Hospitals & Health systems
815,SYRAINFOTEK LLC,443,102205,2,Other
816,ABBOTT LABORATORIES,441,117498,1,MedTech & Devices
818,SG AMERICAS SECURITIES LLC,440,180786,2,Other
820,WELLINGTON MANAGEMENT COMPANY LLP,439,143033,2,Other
821,APPLAB SYSTEMS INC,439,96127,2,Other
822,ARTIFICIAL INTELLIGENCE TECHNOLOGIES LLC,439,70167,2,Other
823,CSAA INSURANCE SERVICES INC,439,119996,2,Other
824,GARMIN INTERNATIONAL INC,437,105967,2,Other
825,BREX INC,437,153502,2,Other
826,NEO PRISM SOLUTIONS LLC,437,91145,2,Other
827,DEMATIC CORP,436,88957,2,Other
828,SOLUTION IT INC,436,102293,2,Other
829,THE OPTIONS CLEARING CORPORATION,434,130583,2,Other
830,INFOVISION INC,433,109272,2,Other
831,UNIVERSITY OF NEBRASKA MEDICAL CENTER,431,66935,1,Academic medicine & Research
832,INTELIROUTE TECHNOLOGIES LLC,431,92869,2,Other
833,CLOUD HYBRID TECHNOLOGIES LLC,431,70850,2,Other
834,GEORGIA STATE UNIVERSITY,430,78373,2,Other
835,QORVO US INC,430,110727,2,Other
836,CONCUR TECHNOLOGIES INC,430,135044,2,Other
837,SKIDMORE OWINGS & MERRILL LLP,429,77496,2,Other
838,MARQETA INC,429,165748,2,Other
839,MOUNT SINAI HOSPITAL,428,114283,1,Hospitals & Health systems
840,SIRI INFOSOLUTIONS INC,428,102694,2,Other
841,GAVS TECHNOLOGIES NA INC,428,95552,2,Other
842,FACTSET RESEARCH SYSTEMS INC,427,127708,2,Other
843,TERADATA OPERATIONS INC,427,135206,2,Other
844,CLEVELAND CLINIC,427,210031,1,Hospitals & Health systems
845,LEIDOS INC,427,115724,2,Other
846,NETSKOPE INC,426,162660,2,Other
847,SRK SYSTEMS INC,426,96629,2,Other
848,STATE UNIVERSITY OF NEW YORK AT BUFFALO,426,87742,2,Other
849,MASS GENERAL BRIGHAM INCORPORATED,426,80118,1,Hospitals & Health systems
850,BALYASNY ASSET MANAGEMENT LP,426,190124,2,Other
851,LENOVO (UNITED STATES) INC,426,102198,2,Other
852,ZENDESK INC,425,167301,2,Other
853,SANOFI US SERVICES INC,425,120866,1,Pharma & Biotech
854,CSC HOLDINGS LLC,424,115169,2,Other
855,WAYNE STATE UNIVERSITY,424,85514,2,Other
856,UNITED SOFTWARE GROUP INC,422,91920,2,Other
857,LEXISNEXIS RISK SOLUTIONS FL INC,422,122568,2,Other
858,PFIZER INC,422,104652,1,Pharma & Biotech
859,I3 INFOTEK INC,422,87341,2,Other
860,MISSISSIPPI STATE UNIVERSITY,421,77798,2,Other
861,SAIPSIT INC,421,103110,2,Other
862,IBS SOFTWARE AMERICAS INC (F/K/A IBS SOFTWARE SERVICES AMERICAS INC),421,83715,2,Other
863,LIBERTY MUTUAL TECHNOLOGY GROUP INC,419,137105,2,Other
864,GRUBHUB HOLDINGS INC,419,145433,2,Other
865,THE METHODIST HOSPITAL RESEARCH INSTITUTE,418,70259,1,Academic medicine & Research
866,ASANA INC,418,180825,2,Other
867,LATHAM & WATKINS LLP,417,251022,2,Other
868,FEDEX DATAWORKS INC,417,122514,2,Other
869,SIRITEK INC,417,91745,2,Other
870,SVB FINANCIAL GROUP,417,133297,2,Other
871,EDIFECS INC,416,121742,1,Health tech & Health IT
872,ITAMERICA INC,416,92488,2,Other
873,ADROIT ASSOCIATES INC,415,86663,2,Other
874,PUBLIX SUPER MARKETS INC,415,138277,2,Other
875,BRIDGEWATER ASSOCIATES LP,415,139121,2,Other
876,TUFTS UNIVERSITY,414,94636,2,Other
877,LEXISNEXIS USA,414,118283,2,Other
878,GOVERNMENT EMPLOYEE INSURANCE COMPANY (GEICO),414,167616,2,Other
879,TELECOM TECHNOLOGY SERVICES INC,413,89084,2,Other
880,SQUAD SOFTWARE INC,412,93671,2,Other
881,XAVIENT DIGITAL LLC,412,99717,2,Other
882,GEORGE MASON UNIVERSITY,412,98572,2,Other
883,TEKINVADERZ LLC,411,92635,2,Other
884,FARADAY & FUTURE INC,411,114096,2,Other
885,CALIFORNIA INSTITUTE OF TECHNOLOGY/JET PROPULSION LABORATORY,411,119536,2,Other
886,MUTUAL OF OMAHA INSURANCE COMPANY,411,111590,2,Other
887,C3AI INC,411,158809,2,Other
888,CIRRUS LOGIC INTERNATIONAL SEMICONDUCTOR LTD,410,143338,2,Other
889,MEDIDATA SOLUTIONS INC,410,143931,1,CRO & Life-sci services
890,SOFTWORLD TECHNOLOGIES LLC,410,88002,2,Other
891,SVK SYSTEMS INC,410,96513,2,Other
892,SOCIAL FINANCE INC,409,172279,2,Other
893,ST JUDE MEDICAL CARDIOLOGY DIVISION INC,408,118824,1,MedTech & Devices
894,AUTOZONE INC,407,123712,2,Other
895,MACQUARIE GLOBAL SERVICES (USA) LLC,407,150860,2,Other
896,SAPOT SYSTEMS INC,406,92397,2,Other
897,SUSQUEHANNA INTERNATIONAL GROUP LLP,406,99026,2,Other
898,HERMES MICROVISION INC,405,134033,2,Other
899,CIGNA HEALTH AND LIFE INSURANCE COMPANY,404,128960,1,Payers & Pharmacy benefits
900,THE UNIVERSITY OF TEXAS RIO GRANDE VALLEY,403,88026,2,Other
901,CAPITAL GROUP COMPANIES GLOBAL,403,165733,2,Other
902,MACQUARIE HOLDINGS (USA) INC,402,185316,2,Other
903,VARIAN MEDICAL SYSTEMS INC,402,135677,1,MedTech & Devices
904,TECHDATA SERVICE COMPANY LLC,401,116149,2,Other
905,NEMO IT SOLUTIONS INC,401,95394,2,Other
906,UNIVERSITY OF MASSACHUSETTS AMHERST,401,92222,2,Other
907,SAVIYNT INC,400,116891,2,Other
908,SMITH & NEPHEW INC,399,113319,1,MedTech & Devices
909,CVS SHARED SERVICES RESOURCES LLC,399,140454,1,Pharmacy & Distribution
910,PRISTINE REHAB CARE LLC,399,74364,1,Hospitals & Health systems
911,UBS SECURITIES LLC,399,184367,2,Other
912,APPS ASSOCIATES LLC,397,130825,2,Other
913,MAGTECH CONSULTING AND SOLUTIONS DEVELOPMENT CORPORATION,397,92420,2,Other
914,NATIONWIDE INSURANCE,397,115063,2,Other
915,MAGIC LEAP INC,396,151506,2,Other
916,MEDICAL UNIVERSITY OF SOUTH CAROLINA AND AFFILIATES,396,216483,1,Academic medicine & Research
917,NIC INFO TEK INC,396,93011,2,Other
918,ZOOMINFO TECHNOLOGIES LLC,396,140016,2,Other
919,ZURICH AMERICAN INSURANCE COMPANY,395,127807,2,Other
920,AT KEARNEY INC,395,184628,2,Other
921,SYNCHRONY BANK,394,136488,2,Other
922,CLOUD HUB IT SOLUTIONS INC,393,96691,2,Other
923,SHUTTERFLY LLC,393,137528,2,Other
924,CHANGE HEALTHCARE TECHNOLOGIES LLC,392,117397,1,Health tech & Health IT
925,SUCCESSFACTORS INC,392,148325,2,Other
926,PROOFPOINT INC,392,147193,2,Other
927,UNITY TECHNOLOGIES SF,391,140388,2,Other
928,ADAEQUARE INC,391,102897,2,Other
929,RENESAS ELECTRONICS AMERICA INC,391,142752,2,Other
930,UNIVERSITY OF NORTH TEXAS,391,79555,2,Other
931,VEEVA SYSTEMS INC,391,146778,1,CRO & Life-sci services
932,GAINWELL TECHNOLOGIES LLC,391,106057,1,Health tech & Health IT
933,BETH ISRAEL DEACONESS MEDICAL CENTER INC,390,79613,1,Academic medicine & Research
934,MERKLE INC,390,128901,2,Other
935,PJT PARTNERS HOLDINGS LP,390,149442,2,Other
936,NIIT TECHNOLOGIES LIMITED,390,83795,2,Other
937,TABNER INC,390,101393,2,Other
938,FOOD AND DRUG ADMINISTRATION,389,112817,1,Academic medicine & Research
939,MAXIM INTEGRATED PRODUCTS INC,389,119808,2,Other
940,CAPITAL INFO GROUP INC,388,97874,2,Other
941,PYRAMID CONSULTING INC,388,101558,2,Other
942,SERVESYS CORPORATION,388,87661,2,Other
943,EDWARDS LIFESCIENCES LLC,388,130492,1,MedTech & Devices
944,CYPRESS SEMICONDUCTOR CORPORATION,387,140352,2,Other
945,UNIVERSITY OF DELAWARE,387,90617,2,Other
946,PIORION SOLUTIONSINC,387,94380,2,Other
947,CALIFORNIA DEPARTMENT OF TRANSPORTATION,387,94239,2,Other
948,QUEST IT SOLUTIONS INC,386,91958,2,Other
949,AGREEYA SOLUTIONS INC,386,94525,2,Other
950,THE UNIVERSITY OF KANSAS,386,77979,2,Other
951,ARROW ELECTRONICS INC,385,127021,2,Other
952,CUMMING MANAGEMENT GROUP INC,384,116419,2,Other
953,JNIT TECHNOLOGIES INC,383,100769,2,Other
954,CORPORATE SOLUTIONS GENERAL INC,383,91791,2,Other
955,ROCK CENTRAL LLC,383,95595,2,Other
956,MUFG BANK LTD,383,142809,2,Other
957,LOUISIANA STATE UNIVERSITY AND A&M COLLEGE,383,83703,2,Other
958,INVESCO GROUP SERVICES INC,383,137791,2,Other
959,EARLY WARNING SERVICES LLC,383,126983,2,Other
960,YELP INC,383,162329,2,Other
961,NBCUNIVERSAL MEDIA LLC,382,141716,2,Other
962,AMERICAN TECH VISION SOLUTIONS LLC,382,88935,2,Other
963,DATADOG INC,382,187507,2,Other
964,SANTANDER BANK NA,381,118608,2,Other
965,CATALENT PHARMA SOLUTIONS,381,100283,1,Pharma & Biotech
966,EDUCATIONAL TESTING SERVICE,379,117213,2,Other
967,QUALYS INC,378,131419,2,Other
968,BECKMAN RESEARCH INSTITUTE OF THE CITY OF HOPE,377,76703,1,Academic medicine & Research
969,GLAXOSMITHKLINE LLC,377,121620,1,Pharma & Biotech
970,RICHLAND COUNTY SCHOOL DISTRICT ONE,377,55306,2,Other
971,RENSSELAER POLYTECHNIC INSTITUTE,377,73004,2,Other
972,PREMIER IT SOLUTIONS LLC,377,95765,2,Other
973,ASCENDION INC (FORMERLY KNOWN AS COLLABERA INC),376,126793,2,Other
974,THOUGHTWORKS INC,375,140307,2,Other
975,SYSTECHCORP INC,374,91214,2,Other
976,EGEN SOLUTIONS INC,374,105212,2,Other
977,NATERA INC,374,131816,1,Life-sci tools & Diagnostics
978,ENIAC SYSTEMS INC,373,103681,2,Other
979,THE UNIVERSITY OF TENNESSEE HEALTH SCIENCE CENTER,372,67446,1,Academic medicine & Research
980,T ROWE PRICE ASSOCIATES INC,371,115741,2,Other
981,AURORA INNOVATION INC,371,153868,2,Other
982,ETEK IT SERVICES INC,369,94984,2,Other
983,CNH INDUSTRIAL AMERICA LLC,369,118203,2,Other
984,APLOMB TECHNOLOGIES INC,369,93946,2,Other
985,BOX INC,369,163364,2,Other
986,LEVI STRAUSS & CO,368,154867,2,Other
987,BILLCOM,367,166604,2,Other
988,CLIENTSERVER TECHNOLOGY SOLUTIONS LLC,366,90354,2,Other
989,VYZER SOLUTIONS INC,365,92567,2,Other
990,PWC US TAX LLP,365,150134,2,Other
991,FOOT LOCKER CORPORATE SERVICES INC,365,118294,2,Other
992,QUANTIPHI INC,365,125767,2,Other
993,CONTEXTLOGIC INC DBA WISH,364,182422,2,Other
994,UNIVERSITY OF TEXAS MEDICAL BRANCH,364,118282,1,Academic medicine & Research
995,TURNER & TOWNSEND INC,364,129501,2,Other
996,STANLEY BLACK & DECKER INC,364,118325,2,Other
997,SMARTSHEET INC,363,147016,2,Other
998,ADI WORLDLINK LLC,363,115426,2,Other
999,LENDINGCLUB BANK NATIONAL ASSOCIATION,363,161860,2,Other
1000,AGILENT TECHNOLOGIES INC,362,133983,1,Life-sci tools & Diagnostics
1001,NIKOLA CORPORATION,362,123185,2,Other
1002,GENERAL MOTORS FINANCIAL COMPANY INC,361,125488,2,Other
1003,ALCON RESEARCH LLC,361,98928,1,MedTech & Devices
1004,INFOMATICS INC,360,83497,2,Other
1005,AQR CAPITAL MANAGEMENT LLC,359,148518,2,Other
1006,GRAINGER MANAGEMENT LLC,359,129622,2,Other
1007,SHIPT INC,359,153037,2,Other
1008,HALLMARK GLOBAL TECHNOLOGIES INC,359,102709,2,Other
1009,BLUE CROSS BLUE SHIELD OF MICHIGAN,358,105224,1,Payers & Pharmacy benefits
1010,KEYPIXEL SOFTWARE SOLUTIONS LLC,358,91661,2,Other
1011,FRED HUTCHINSON CANCER CENTER,358,98015,1,Academic medicine & Research
1012,ADVENTIST HEALTH SYSTEM SUNBELT HEALTHCARE CORP,358,114580,1,Hospitals & Health systems
1013,GROUPON INC,358,120727,2,Other
1014,MITCHELL/MARTIN INC,357,127611,2,Other
1015,FRACTAL ANALYTICS INC,357,108431,2,Other
1016,DEXCOM INC,357,120857,1,MedTech & Devices
1017,MARVELOUS TECHNOLOGIES INC,357,95810,2,Other
1018,HOUSTON INDEPENDENT SCHOOL DISTRICT,356,66623,2,Other
1019,JONES LANG LASALLE AMERICAS INC,356,120777,2,Other
1020,STANDARD & POOR'S FINANCIAL SERVICES LLC,356,144753,2,Other
1021,UNIVERSITY OF HAWAII,356,102773,2,Other
1022,LEAD IT CORPORATION,355,88807,2,Other
1023,PAYPAL DATA SERVICES INC,354,138281,2,Other
1024,THE GUARDIAN LIFE INSURANCE COMPANY OF AMERICA,354,136341,2,Other
1025,KIRKLAND & ELLIS LLP,354,279343,2,Other
1026,PACCAR INC,354,105875,2,Other
1027,CREDIT ONE BANK NA,353,100170,2,Other
1028,CHIME FINANCIAL INC,353,193684,2,Other
1029,VERINON TECHNOLOGY SOLUTIONS LTD,353,86557,2,Other
1030,ABB INC,353,102128,2,Other
1031,TECHDEMOCRACY LLC,353,100129,2,Other
1032,INGRAM MICRO INC,352,123723,2,Other
1033,SCHWEITZER ENGINEERING LABORATORIES INC,352,104122,2,Other
1034,AMERICAN IT SOLUTIONS INC,351,90570,2,Other
1035,BARCLAYS CAPITAL INC,351,196778,2,Other
1036,CONSULTADD INC,351,99614,2,Other
1037,FLORIDA INTERNATIONAL UNIVERSITY,351,87959,2,Other
1038,NOVITIUM PHARMA LLC,351,73996,1,Pharma & Biotech
1039,MARSHFIELD CLINIC,350,218700,1,Hospitals & Health systems
1040,SOCIAL FINANCE LLC,350,194070,2,Other
1041,I5 TECH INC,350,101999,2,Other
1042,NCS PEARSON INC,349,120456,2,Other
1043,CRA INTERNATIONAL INC,349,113813,2,Other
1044,BAHWAN CYBERTEK INC,349,91789,2,Other
1045,NORTHWESTERN MEMORIAL HEALTHCARE,349,97282,1,Hospitals & Health systems
1046,VALEO NORTH AMERICA INC,349,113260,2,Other
1047,THE ROCKEFELLER UNIVERSITY,349,76517,1,Academic medicine & Research
1048,DONATO TECHNOLOGIES INC,349,96930,2,Other
1049,MOVE INC,349,157664,2,Other
1050,ANCILE INC,349,82797,2,Other
1051,MICROSTRATEGY INC,348,122763,2,Other
1052,BANK OF THE WEST,348,115583,2,Other
1053,SPIRENT COMMUNICATIONS INC,348,107590,2,Other
1054,KOHN PEDERSEN FOX ASSOCIATES PC,347,78428,2,Other
1055,THE CAPITAL MARKETS COMPANY,347,129875,2,Other
1056,CHILDREN'S NATIONAL MEDICAL CENTER,346,107938,1,Academic medicine & Research
1057,THUMBTACK INC,346,159567,2,Other
1059,THE UNIVERSITY OF TEXAS AT DALLAS,345,102639,2,Other
1060,CUMMINS EMISSION SOLUTIONS INC,345,85053,2,Other
1061,WB SOLUTIONS LLC,345,92155,2,Other
1063,F5 NETWORKS INC,344,132829,2,Other
1064,DELOITTE TOUCHE TOHMATSU SERVICES LLC,344,132022,2,Other
1065,SG AMERICAS OPERATIONAL SERVICES LLC,344,142127,2,Other
1066,FUSION PLUS SOLUTIONS INC,344,100912,2,Other
1067,ALIGN TECHNOLOGY INC,343,148979,1,MedTech & Devices
1068,SEL ENGINEERING SERVICES INC,343,111020,2,Other
1069,UNIVERSITY OF ARKANSAS,343,66787,2,Other
1070,REGENTS OF THE UNIVERSITY OF CALIFORNIA AT RIVERSIDE,343,90143,2,Other
1071,BANK OF CHINA,343,84746,2,Other
1072,UNIVERSITY OF CINCINNATI,343,80243,2,Other
1073,ADVANCED RESOURCE STAFFING INC,342,96527,2,Other
1074,ADVANTAGE IT INC,342,90406,2,Other
1075,SEAGATE US LLC,341,121006,2,Other
1076,FANATICS RETAIL GROUP FULFILLMENT LLC,341,134515,2,Other
1077,MINDLANCE INC,340,121953,2,Other
1078,ADROIX CORP,340,103736,2,Other
1079,TRACTOR SUPPLY COMPANY,338,113571,2,Other
1080,MERCEDES-BENZ RESEARCH & DEVELOPMENT NORTH AMERICA INC,338,135482,2,Other
1081,IKON-TECH SERVICES LLC,336,99079,2,Other
1082,MATCH GROUP LLC,336,161822,2,Other
1083,SCHRILL TECHNOLOGIES INC,335,97800,2,Other
1084,SIRA CONSULTING INC,335,90538,2,Other
1085,APPTAD INC,335,102819,2,Other
1086,GE PRECISION HEALTHCARE LLC,335,134725,1,MedTech & Devices
1087,HERE NORTH AMERICA LLC,335,116840,2,Other
1088,STV INCORPORATED,334,90288,2,Other
1089,CLIENT NETWORK SERVICES LLC,334,115534,2,Other
1090,GEODIS LOGISTICS LLC,334,102931,2,Other
1091,SRI TECH SOLUTIONS INC,333,88748,2,Other
1092,MEDIATEK USA INC,333,140995,2,Other
1093,PHYSICIAN AFFILIATE GROUP OF NY PC,333,216336,1,Hospitals & Health systems
1094,MASSACHUSETTS GENERAL PHYSICIANS ORGANIZATION,332,145837,1,Hospitals & Health systems
1095,ANAPLAN INC,332,157720,2,Other
1096,ALBERT EINSTEIN COLLEGE OF MEDICINE,331,74367,1,Academic medicine & Research
1097,POINT72 LP,331,175931,2,Other
1098,GULFSTREAM AEROSPACE CORPORATION,331,125818,2,Other
1099,HARMAN CONNECTED SERVICES INC,331,96839,2,Other
1100,GALAX-ESYSTEMS CORPORATION,330,111654,2,Other
1101,SATYAM-VENTURE ENGINEERING SERVICES PVT LTD,330,74301,2,Other
1102,UNIVERSITY OF SOUTH CAROLINA,329,68981,2,Other
1103,TRADEWEB MARKETS LLC,329,157744,2,Other
1104,QUANTUM INTEGRATORS GROUP LLC,329,99668,2,Other
1105,KAIROS TECHNOLOGIES INC,329,87971,2,Other
1106,GUARDANT HEALTH INC,328,149100,1,Life-sci tools & Diagnostics
1107,OVERSTOCKCOM INC,328,121323,2,Other
1108,VERITAS TECHNOLOGIES LLC,327,131490,2,Other
1109,DATAQUEST CORP,327,96415,2,Other
1110,PALAYEKAR COMPANIES INC,327,101279,2,Other
1111,RAAS INFOTEK LLC,327,96740,2,Other
1112,PHILIPS NORTH AMERICA LLC,327,114344,1,MedTech & Devices
1113,MICHAELS STORES INC,326,138802,2,Other
1114,DIZER CORP,325,89132,2,Other
1115,HIGHMARK HEALTH,325,115853,1,Payers & Pharmacy benefits
1116,ACTIVISION PUBLISHING INC,325,136039,2,Other
1117,RIVIAN LLC,325,163382,2,Other
1118,THE SIEGFRIED GROUP LLP,325,126182,2,Other
1119,IPIVOT LLC,325,102202,2,Other
1120,TENCENT AMERICA LLC,324,161906,2,Other
1121,THE JACKSON LABORATORY,324,79060,1,Academic medicine & Research
1122,CARVANA LLC,324,123640,2,Other
1123,KITE PHARMA INC,322,124251,1,Pharma & Biotech
1124,ZF PASSIVE SAFETY SYSTEMS US INC,322,110382,2,Other
1125,JABIL INC,322,110431,2,Other
1126,THE KROGER COMPANY,321,128975,2,Other
1127,MEGHAZ INC,321,98994,2,Other
1128,ISITE TECHNOLOGIES INC,321,89770,2,Other
1129,TYLER TECHNOLOGIES INC,321,101752,2,Other
1130,DISCOVERY COMMUNICATIONS LLC,320,150640,2,Other
1131,SERVICETITAN INC,320,156301,2,Other
1132,CORE TECH INTERNATIONAL CORPORATION,319,61458,2,Other
1133,LER TECHFORCE LLC,319,92345,2,Other
1134,SPRUCE TECHNOLOGY INC,319,118526,2,Other
1135,UNIVERSITY OF HOUSTON,319,86592,2,Other
1136,VIASAT INC,318,142180,2,Other
1137,ASPIRE SYSTEMS INC,318,98665,2,Other
1138,AXON ENTERPRISE INC,318,140323,2,Other
1139,INFO SERVICES LLC,318,114451,2,Other
1140,BNP PARIBAS RCC INC,317,150419,2,Other
1141,CONTINENTAL AUTOMOTIVE SYSTEMS INC,317,116205,2,Other
1142,AKSHAYA INC,317,117837,2,Other
1143,BATTELLE ENERGY ALLIANCE LLC,316,116706,2,Other
1144,WILLIS TOWERS WATSON US LLC,316,105984,2,Other
1145,MAVERIC NXT INC,316,86244,2,Other
1146,EXECUTIVE SOFTWARE GUILD INC,316,102730,2,Other
1147,AMERICAN UNIT INC,316,96408,2,Other
1148,SUPRASOFT INC,316,88912,2,Other
1149,PEPSICO INC,315,135807,2,Other
1150,LINCOLN NATIONAL CORPORATION,315,112097,2,Other
1151,INRIKA INC,314,98413,2,Other
1152,GENERAL ELECTRIC COMPANY,314,132620,2,Other
1153,ARDOR IT SOLUTIONS INC,314,93736,2,Other
1154,ONETRUST LLC,314,119084,2,Other
1155,XYLO CONSULTING LLC,314,98929,2,Other
1156,THE DEPOSITORY TRUST AND CLEARING CORPORATION,314,137561,2,Other
1157,FIDELITY MANAGEMENT & RESEARCH COMPANY LLC,313,102978,2,Other
1158,RITE PROS INC,313,107959,2,Other
1159,INFODRIVE SYSTEMS INC,312,94816,2,Other
1160,SAS INSTITUTE INC,311,117377,2,Other
1161,CENTRAPRISE CORP,311,92196,2,Other
1162,PROSPER MARKETPLACE INC,311,129660,2,Other
1164,ICS GLOBAL SOFT INC,310,94792,2,Other
1165,PVR TECHNOLOGIES INC,310,99930,2,Other
1166,SAINT LOUIS UNIVERSITY,310,99087,2,Other
1167,SEPHORA USA INC,310,154593,2,Other
1168,FUYAO GLASS AMERICA INC,310,68330,2,Other
1169,SEI INVESTMENTS COMPANY,309,132674,2,Other
1170,SIGNATURE COMMERCIAL SOLUTIONS LLC,309,107960,2,Other
1171,TIBCO SOFTWARE INC,309,120201,2,Other
1172,ISOLVE TECHNOLOGY INC,308,99640,2,Other
1173,ARUP US INC,308,114485,2,Other
1174,THE UNIVERSITY OF VERMONT,308,68772,2,Other
1175,MYGO CONSULTING INC,307,99245,2,Other
1176,BILL ME LATER INC,307,134303,2,Other
1177,UNITED HEALTHCARE SERVICES INC,306,109391,1,Payers & Pharmacy benefits
1178,H LEE MOFFITT CANCER CENTER & RESEARCH INSTITUTE INC,306,83061,1,Academic medicine & Research
1179,EVEREST TECHNOLOGIES INC,305,102220,2,Other
1180,SAXON GLOBAL INC,305,95698,2,Other
1181,AIG PC GLOBAL SERVICES INC,305,122717,2,Other
1182,BOSTON COLLEGE,304,108260,2,Other
1183,NORTONLIFELOCK INC,304,140171,2,Other
1184,HADIAMONDSTAR SOFTWARE SOLUTIONS LLC,304,105276,2,Other
1185,ADDEPTO IT SOLUTIONS LLC,304,91910,2,Other
1186,THOMAS JEFFERSON UNIVERSITY,303,114050,2,Other
1187,MAJESTIC IT SERVICES INC,303,90417,2,Other
1188,SAI TECHNOLOGIES LLC,303,91129,2,Other
1189,TRANSCEND IT SOLUTIONS LLC,302,93519,2,Other
1190,ST BARNABAS HOSPITAL,302,97543,1,Hospitals & Health systems
1191,MAST TECHNOLOGY SERVICES INC,301,117235,2,Other
1192,WE WORK MANAGEMENT LLC,301,158198,2,Other
1193,UNIVERSITY OF CONNECTICUT HEALTH CENTER,301,111484,1,Academic medicine & Research
1194,WEBILENT TECHNOLOGY INC,301,94671,2,Other
1195,CORNING INCORPORATED,301,118426,2,Other
1196,ICONSOFT INC,301,114543,2,Other
1197,ANNAPURNA LABS (US) INC,300,171091,2,Other
1198,ROCHESTER GENERAL HOSPITAL,299,122172,1,Hospitals & Health systems
1199,HALLIBURTON ENERGY SERVICES INC,299,122918,2,Other
1200,TEXAS TECH UNIVERSITY HEALTH SCIENCES CENTER,299,139539,1,Academic medicine & Research
1201,ADVANCED KNOWLEDGE TECH LLC,299,91094,2,Other
1202,THE BANK OF NOVA SCOTIA,299,153326,2,Other
1203,ZIONS BANCORPORATION NA,299,115213,2,Other
1204,VINTECH SOLUTIONS INC,298,96166,2,Other
1205,EAST WEST BANK,298,135829,2,Other
1206,NYSE MARKET (DE) INC,298,138734,2,Other
1207,BLACKSTONE INC,298,168351,2,Other
1208,BAYER RESEARCH AND DEVELOPMENT SERVICES LLC,298,121445,1,Pharma & Biotech
1209,SOFTCORP INTERNATIONAL INC,298,100661,2,Other
1210,PAUL WEISS RIFKIND WHARTON & GARRISON LLP,297,251779,2,Other
1211,CSG SYSTEMS INC D/B/A CSG,297,111553,2,Other
1212,ARGO AI LLC,297,149592,2,Other
1213,INDUS GROUP INC,297,88693,2,Other
1214,INFOTECH PRISM LLC,297,93692,2,Other
1215,PWC US CONSULTING LLP,297,213898,2,Other
1216,UNIVERSITY OF MASSACHUSETTS MEDICAL SCHOOL,296,72983,1,Academic medicine & Research
1217,NEW YORK CITY DEPARTMENT OF EDUCATION,296,63980,2,Other
1218,GANDARA MENTAL HEALTH CENTER INC,296,51645,1,Academic medicine & Research
1219,INNOVATIVE INTELLIGENT SOLUTIONS LLC,295,93753,2,Other
1220,SMARTSOFT INTERNATIONAL INC,295,97821,2,Other
1221,ETEAM INC,295,104125,2,Other
1222,PHARMACEUTICAL RESEARCH ASSOCIATES INC,295,111601,1,CRO & Life-sci services
1223,GENUINE PARTS COMPANY,295,122280,2,Other
1224,FIFTH THIRD BANK NATIONAL ASSOCIATION,294,108964,2,Other
1225,DAVIS POLK & WARDWELL LLP,294,260412,2,Other
1226,MCDONALD'S CORPORATION,294,140440,2,Other
1227,BOEHRINGER INGELHEIM PHARMACEUTICALS INC,294,136580,1,Pharma & Biotech
1228,3S BUSINESS CORPORATION,294,96931,2,Other
1229,DATANORMUS LLC,294,92377,2,Other
1230,RYZLINK CORP,294,94672,2,Other
1231,EXPRESS SCRIPTS SERVICES CO,293,117460,1,Payers & Pharmacy benefits
1232,AMERIPRISE FINANCIAL INC,293,112212,2,Other
1233,BILL OPERATIONS LLC,293,183916,2,Other
1234,ASTIR TECHNOLOGIES LLC,292,93950,2,Other
1235,EASTERN MAINE MEDICAL CENTER,292,331172,1,Academic medicine & Research
1236,HITACHI DIGITAL SERVICES LLC,292,111283,2,Other
1237,MORNINGSTAR INC,292,108632,2,Other
1238,SONOS INC,292,118656,2,Other
1239,CITADEL AMERICAS LLC,292,177133,2,Other
1240,FRIENDLY CONSULTANTS INC,292,91278,2,Other
1241,CLOUD SOFTWARE GROUP INC,292,159908,2,Other
1242,THE OHIO UNIVERSITY,291,67028,2,Other
1243,VERKADA INC,291,164761,2,Other
1244,VIRAT SOLUTIONS INC,291,91487,2,Other
1245,UNIVERSITY OF OREGON,291,86847,2,Other
1246,INOVALON INC,291,117856,1,Health tech & Health IT
1247,HILTON DOMESTIC OPERATING COMPANY INC,291,128807,2,Other
1248,SREE INFOTECH LLC,290,90981,2,Other
1249,COSTAR REALTY INFORMATION INC,290,139415,2,Other
1250,UNIVERSITY OF HOUSTON SYSTEM,290,81418,2,Other
1251,SDH SYSTEMS LLC,290,94388,2,Other
1252,SECURENET SYSTEMS CORPORATION,290,86313,2,Other
1253,PROMATRIX CORP,290,91965,2,Other
1254,THE COLLEGE OF WILLIAM AND MARY,290,77436,2,Other
1255,RYDER SYSTEM INC,290,111597,2,Other
1256,GSS INFOTECH CT INC,289,91567,2,Other
1258,MOLINA HEALTHCARE INC,289,134745,1,Payers & Pharmacy benefits
1259,NOMURA SECURITIES INTERNATIONAL INC,288,157804,2,Other
1260,BORGWARNER PDS (USA) INC,288,108748,2,Other
1261,INFOR (US) LLC,288,125468,2,Other
1262,WINDYCITY TECHNOLOGIES INC,287,96391,2,Other
1263,PANTAR SOLUTIONS INC,287,106681,2,Other
1264,VEJARS TECHNOLOGIES INC,287,101655,2,Other
1265,PLAID INC,287,175093,2,Other
1266,THE VERITAS HEALTHCARE SOLUTIONS LLC,287,86683,2,Other
1267,ALLIANCE FOR SUSTAINABLE ENERGY LLC,286,88687,2,Other
1268,GEISINGER CLINIC,286,259260,1,Hospitals & Health systems
1269,INTERNATIONAL SOFTWARE SYSTEMS INC,286,98994,2,Other
1270,TD SECURITIES (USA) LLC,286,174532,2,Other
1271,MICRONET IT SOLUTIONS INC,286,92364,2,Other
1272,TECHSMART GLOBAL INC,286,91632,2,Other
1273,MORGAN STANLEY SMITH BARNEY LLC,286,138887,2,Other
1274,NATIONAL MEDICAL CARE INC A FRESENIUS MEDICAL CARE NA COMPANY,286,130984,1,Hospitals & Health systems
1275,ST LUKE'S-ROOSEVELT HOSPITAL CENTER,285,86778,1,Hospitals & Health systems
1276,ABAL TECHNOLOGIES INC,285,110675,2,Other
1277,UNIVERSITY OF MISSISSIPPI,285,73749,2,Other
1278,PROFICIENT BUSINESS SYSTEMS INC,285,90632,2,Other
1279,LSU HEALTH SCIENCES CENTER,284,211247,1,Academic medicine & Research
1280,THE TRAVELERS INDEMNITY COMPANY,284,128501,2,Other
1281,COUPA SOFTWARE INC,284,144840,2,Other
1282,COHESITY INC,284,166493,2,Other
1283,PENUMBRA INC,284,110199,1,MedTech & Devices
1284,DIRECTV LLC,284,161607,2,Other
1285,D2SOL INC,284,142309,2,Other
1286,RIVIAN AND VW GROUP TECHNOLOGY LLC,283,192978,2,Other
1287,RAVEN SOFTWARE SOLUTIONS INC,283,87237,2,Other
1288,PRIVATE NATIONAL MORTGAGE ACCEPTANCE COMPANY LLC,283,113503,2,Other
1289,SULLIVAN & CROMWELL LLP,283,216213,2,Other
1290,LITMUS7 SYSTEMS CONSULTING INC,283,133194,2,Other
1291,BNP PARIBAS SECURITIES CORP,283,182902,2,Other
1292,ASTIR SERVICES LLC,283,93316,2,Other
1293,JEAN MARTIN INC,283,99709,2,Other
1294,SPARKSOFT CORPORATION,282,117610,2,Other
1295,MOXIE IT SOLUTIONS,282,92784,2,Other
1296,QUICKEN LOANS LLC,281,88122,2,Other
1297,VALIDATION ASSOCIATES LLC,281,81300,1,CRO & Life-sci services
1298,USM BUSINESS SYTEMS INC,281,101646,2,Other
1299,DEUTSCHE BANK NEW YORK BRANCH,281,133784,2,Other
1300,GE HEALTHCARE IITS USA CORP,281,120966,1,MedTech & Devices
1301,SAVANTIS SOLUTIONS LLC,281,97615,2,Other
1302,PILLPACK LLC,281,119601,1,Pharmacy & Distribution
1303,FMR LLC,280,103858,2,Other
1304,SAPPHIRUS SYSTEMS LLC,280,97776,2,Other
1305,INTELLIGRATED SERVICES LLC,280,93729,2,Other
1306,REGAL IT SERVICES INC,279,90384,2,Other
1307,CYTEL INC,279,126826,1,CRO & Life-sci services
1308,HINDUJA TECH INC,279,78782,2,Other
1309,SILICON LABORATORIES INC,279,121880,2,Other
1310,CORNERSTONE ONDEMAND INC,279,147522,2,Other
1311,LIBERTY MUTUAL GROUP INC,278,118907,2,Other
1312,OPENAI OPCO LLC,278,306063,2,Other
1313,TECH TAMMINA LLC,278,106400,2,Other
1314,SHOPIFY (USA) INC,278,139328,2,Other
1315,DVG TECH SOLUTIONS LLC,277,90691,2,Other
1316,ROCHESTER INSTITUTE OF TECHNOLOGY,277,58608,2,Other
1317,MAJESCO,277,119117,2,Other
1318,GARTNER INC,277,126576,2,Other
1319,SSA TECH INC,277,95133,2,Other
1320,LIVERAMP INC,276,162635,2,Other
1321,AMENSYS INC,276,91141,2,Other
1323,ALLIED INFORMATICS INC,275,91332,2,Other
1324,CARNIVAL CORPORATION,274,97770,2,Other
1325,APPTRICS LLC,274,99566,2,Other
1326,TECHPRO SOLUTIONS INC,274,88919,2,Other
1327,KANSAS STATE UNIVERSITY,274,55690,2,Other
1328,DELTA DENTAL OF CALIFORNIA,274,140248,1,Payers & Pharmacy benefits
1329,LENNOX INTERNATIONAL INC,274,108569,2,Other
1330,ESYSTEMS INC,273,123840,2,Other
1331,JADE GLOBAL INC,273,137736,2,Other
1332,STAIDLOGIC LLC,273,109621,2,Other
1333,OSF MULTI-SPECIALTY GROUP,273,346220,1,Hospitals & Health systems
1334,WORLD WIDE TECHNOLOGY HOLDING COMPANY LLC,273,117631,2,Other
1335,CONCH TECHNOLOGIES INC,272,88414,2,Other
1336,FERMI RESEARCH ALLIANCE LLC,272,82849,2,Other
1337,VIZIENT INC,271,119565,1,Health tech & Health IT
1338,WARNERMEDIA SERVICES LLC,271,150005,2,Other
1339,COMPASS GROUP USA INC,271,93952,2,Other
1340,NIVID INFOTECH INC,271,97370,2,Other
1341,KIEWIT ENGINEERING GROUP INC,271,114768,2,Other
1342,QUADRANT TECHNOLOGIES LLC,271,105891,2,Other
1343,CHICAGO MERCANTILE EXCHANGE INC,271,112070,2,Other
1344,RIVERPOINT MANAGEMENT LLC,271,84752,2,Other
1345,MAIMONIDES MEDICAL CENTER,271,114488,1,Academic medicine & Research
1346,BNS INTERNATIONAL INC,271,85568,2,Other
1347,LULULEMON USA INC,270,169481,2,Other
1348,MSRCOSMOS LLC,270,109509,2,Other
1349,DUCK CREEK TECHNOLOGIES LLC,270,126531,2,Other
1350,UNIVERSITY OF CALIFORNIA SANTA CRUZ,270,99065,2,Other
1351,PEGASYSTEMS INC,270,130505,2,Other
1352,INDIANA UNIVERSITY INDIANAPOLIS,269,80342,2,Other
1353,AURIS HEALTH INC,269,160722,1,MedTech & Devices
1354,DATA SOLUTIONS INC,269,100479,2,Other
1355,COLLABERA INC,269,120408,2,Other
1356,ETSY INC,269,175846,2,Other
1358,NEUTRONIT INC,268,97211,2,Other
1359,SAN JOSE UNIFIED SCHOOL DISTRICT,268,67161,2,Other
1360,SAAMA TECHNOLOGIES LLC,268,126903,1,CRO & Life-sci services
1361,TK-CHAIN LLC,268,89674,2,Other
1362,LORSHI SYSTEMS LLC,268,95878,2,Other
1363,ELAN TECHNOLOGIES INC,268,96310,2,Other
1364,SYDATA INC,267,94299,2,Other
1365,GALAXY I TECHNOLOGIES INC,267,104941,2,Other
1366,SAMSARA INC,267,136441,2,Other
1367,OPENLOGIX CORPORATION,267,95673,2,Other
1368,UNIVERSITY OF GEORGIA,266,76841,2,Other
1369,GCOM SOFTWARE LLC,266,108728,2,Other
1370,OMNIVISION TECHNOLOGIES INC,266,125450,2,Other
1371,JOHN HANCOCK LIFE INSURANCE COMPANY (USA),266,126791,2,Other
1372,JRI AMERICA INC,266,144938,2,Other
1373,HUMETIS TECHNOLOGIES INC,266,93909,2,Other
1374,TEKGENCE INC,266,99672,2,Other
1375,DATAECONOMY INC,266,123547,2,Other
1376,RISAMSOFT INC,266,93219,2,Other
1377,MERCK SHARP & DOHME CORP,266,97645,1,Pharma & Biotech
1378,OPORTUN INC,266,154720,2,Other
1379,SIMPSON THACHER & BARTLETT LLP,266,276755,2,Other
1380,RAPIDIT INC,266,96159,2,Other
1381,ICE DATA SERVICES INC,265,124296,2,Other
1382,THE SALK INSTITUTE FOR BIOLOGICAL STUDIES,265,72124,1,Academic medicine & Research
1383,TECHNOGEN INC,265,107099,2,Other
1384,PANASONIC AVIONICS CORPORATION,265,138094,2,Other
1385,IT KEYSOURCE INC,265,89580,2,Other
1386,JUMP OPERATIONS LLC,265,165599,2,Other
1387,UNIVERSITY CORPORATION FOR ATMOSPHERIC RESEARCH,265,91298,2,Other
1388,AKUNA CAPITAL LLC,265,122980,2,Other
1389,SANN IT SOLUTIONS INC,265,95453,2,Other
1390,THORNTON TOMASETTI INC,265,91892,2,Other
1391,FRED HUTCHINSON CANCER RESEARCH CENTER,264,89660,1,Academic medicine & Research
1392,ZEN3 INFOSOLUTIONS AMERICA INC,264,114980,2,Other
1393,FLEXTRONICS INTERNATIONAL USA INC,264,103661,2,Other
1394,FACTORY MUTUAL INSURANCE COMPANY,264,116158,2,Other
1395,FLEXTON INC,264,114079,2,Other
1396,UL LLC,264,126341,2,Other
1397,SS&C TECHNOLOGIES INC,263,128001,2,Other
1398,R SYSTEMS INC,263,101270,2,Other
1399,JANSSEN RESEARCH & DEVELOPMENT LLC,263,142232,1,Pharma & Biotech
1400,TAKEDA PHARMACEUTICALS USA INC,263,163958,1,Pharma & Biotech
1401,TEXAS A&M ENGINEERING EXPERIMENT STATION,263,62325,2,Other
1402,VIRTUOSO INFO SYSTEMS INC,263,94681,2,Other
1403,THE AYCO COMPANY LP A GOLDMAN SACHS COMPANY,263,78451,2,Other
1404,UNIVERSITY OF GEORGIA; OGE,263,86693,2,Other
1405,NORTH DAKOTA STATE UNIVERSITY,262,67247,2,Other
1406,D E SHAW & CO LP,262,199027,2,Other
1407,UNIVERSITY OF VIRGINIA,262,82940,2,Other
1408,NEXUS IT INC,262,95707,2,Other
1409,ILINK SYSTEMS INC,262,102676,2,Other
1410,TEK TREE LLC,262,92908,2,Other
1411,IMPETUS TECHNOLOGIES INC,261,114894,2,Other
1412,PROCAL TECHNOLOGIES INC,261,110514,2,Other
1413,NOMURA HOLDING AMERICA INC,261,131544,2,Other
1414,CYBAGE SOFTWARE INC,261,95136,2,Other
1415,THE SPHERE INSTITUTE,261,78429,2,Other
1416,INFOVILLE INC,260,103119,2,Other
1417,BOSE CORPORATION,260,118025,2,Other
1418,ENGINEERING TECHNOLOGY ASSOCIATES INC,260,83217,2,Other
1419,INFOSYS BPM LIMITED,260,92824,2,Other
1420,APPLIED INTUITION INC,260,195013,2,Other
1422,CITY OF HOPE NATIONAL MEDICAL CENTER,260,112399,1,Academic medicine & Research
1423,10X GENOMICS INC,260,147534,1,Life-sci tools & Diagnostics
1424,FEDERAL HOME LOAN MORTGAGE CO,260,116659,2,Other
1425,COVANT SOLUTIONS INC,259,97779,2,Other
1426,MAXIMUS INC,259,130536,2,Other
1427,CITADEL SECURITIES AMERICAS LLC,259,176421,2,Other
1428,SMITHGROUP INC SUBSIDIARY OF SMITHGROUP CO INC,259,75531,2,Other
1429,COMSCORE INC,259,97422,2,Other
1430,MEIJER GREAT LAKES LIMITED PARTNERSHIP,259,124051,2,Other
1431,ADALITEK GROUP LLC,259,88283,2,Other
1432,BIO-RAD LABORATORIES INC,259,130959,1,Life-sci tools & Diagnostics
1433,INNOCORE SOLUTIONS INC,258,105636,2,Other
1434,THE UNIVERSITY OF GEORGIA,258,72997,2,Other
1435,REFINITIV US LLC,258,121967,2,Other
1436,INTELLISOFT SYSTEMS LLC,258,91980,2,Other
1437,ACETECH GROUP CORPORATION,257,103963,2,Other
1438,CHOICE HOTELS INTERNATIONAL SERVICES CORP,257,116280,2,Other
1439,SONATA SOFTWARE NORTH AMERICA INC,257,94660,2,Other
1440,SSTECH LLC,257,97958,2,Other
1441,AGILE SCIENTIFIC GROUP,257,89144,2,Other
1442,NIANTIC INC,257,170338,2,Other
1443,ITRON INC,257,115265,2,Other
1444,UNIVERSITY OF NEW MEXICO,257,89237,2,Other
1445,RAMSAI SOFTWARE SOLUTIONS INC,256,102790,2,Other
1446,GEORGIA-PACIFIC LLC,256,132941,2,Other
1447,MEDLINE INDUSTRIES INC,256,109140,1,Pharmacy & Distribution
1448,JOBY AERO INC,255,158671,2,Other
1449,DIGITAL MASTERS INC,255,100414,2,Other
1450,FTI LLC,255,157585,2,Other
1451,HONDA DEVELOPMENT & MANUFACTURING OF AMERICA LLC,254,96884,2,Other
1452,AROHAK INC,254,97728,2,Other
1453,STATE UNIVERSITY OF NEW YORK AT BINGHAMTON,254,89333,2,Other
1454,OLD DOMINION UNIVERSITY,254,87958,2,Other
1455,SIEMENS MOBILITY INC,254,112345,2,Other
1456,EMC CONSULTING GROUP INC,254,88969,2,Other
1457,NTESS LLC,254,108799,2,Other
1458,KEEN INFO TEK INC,254,93397,2,Other
1459,TACHYON TECHNOLOGIES LLC,254,96329,2,Other
1460,BRONXCARE HEALTH SYSTEM,254,116427,1,Hospitals & Health systems
1461,MILLENNIUM INFO TECH INC,254,93190,2,Other
1462,AUTOMATION ANYWHERE INC,254,148175,2,Other
1463,TECHWAVE CONSULTING INC,253,97277,2,Other
1464,EMERGTECH BUSINESS SOLUTIONS INC,253,86888,2,Other
1465,VITOSHA INC,253,80364,2,Other
1466,SYRACUSE UNIVERSITY,253,74956,2,Other
1467,TOPSYS IT SOLUTIONS LLC,253,90633,2,Other
1468,LANCESOFT INC,253,97124,2,Other
1469,CSS PAYROLL CO LP,253,176567,2,Other
1470,PENSKE TRUCK LEASING CO LP,252,117481,2,Other
1471,URSI TECHNOLOGIES INC,252,84250,2,Other
1472,BLACKLINE SYSTEMS INC,252,142792,2,Other
1474,GE DIGITAL HOLDINGS LLC,252,139575,2,Other
1475,MEJENTA SYSTEMS INC,252,89739,2,Other
1476,CLOUD DATA SYSTEMS INC,252,95337,2,Other
1477,GLOBAL INFOTECH INC,251,92268,2,Other
1478,CSL BEHRING LLC,251,129568,1,Pharma & Biotech
1479,EXCELON SOLUTIONS LLC,251,99520,2,Other
1480,LEXINGTON COUNTY SCHOOL DISTRICT ONE,251,55326,2,Other
1481,VSION TECHNOLOGIES INC,251,102908,2,Other
1482,MAVENIR SYSTEMS INC,251,132253,2,Other
1483,INFODAT INTERNATIONAL INC,251,93981,2,Other
1484,UNIVERSITY OF CENTRAL FLORIDA,251,92405,2,Other
1485,AIG EMPLOYEE SERVICES INC,251,122331,2,Other
1486,SCALE AI INC,251,178960,2,Other
1487,ARCUS TECHNOLOGIES,251,83658,2,Other
1488,CROWE LLP,251,107467,2,Other
1489,HULU LLC,251,157790,2,Other
1490,ARICENT TECHNOLOGIES (HOLDINGS) LTD,250,108783,2,Other
1491,SK HYNIX NAND PRODUCT SOLUTIONS CORP,250,131726,2,Other
1492,CVENT INC,250,126369,2,Other
1493,ITSPURS INC,250,84784,2,Other
1494,EXA DATA SOLUTIONS INC,250,93739,2,Other
1495,APPSTEK INC,250,94894,2,Other
1496,ENVIRONMENTAL SYSTEMS RESEARCH INSTITUTE INC (ESRI),250,104545,2,Other
1497,LIVE NATION WORLDWIDE INC,250,143088,2,Other
1498,SKILL VOICE INC,250,96215,2,Other
1499,GLOBAL ATLANTIC FINANCIAL COMPANY,249,131209,2,Other
1500,SOFTCOM SYSTEMS INC,249,101596,2,Other
1501,FEDERAL NATIONAL MORTGAGE ASSOCIATION,249,147191,2,Other
1502,WISE EQUATION SOLUTIONS INC,249,96885,2,Other
1503,TORC ROBOTICS INC,249,148994,2,Other
1504,ADVENT GLOBAL SOLUTIONS INC,249,92596,2,Other
1505,OCHSNER CLINIC FOUNDATION,249,194053,1,Hospitals & Health systems
1506,AMERICLOUD SOLUTIONS INC,248,92293,2,Other
1507,AVALARA INC,248,159846,2,Other
1508,VISUAL TECHNOLOGIES LLC,248,96698,2,Other
1509,UNIVERSITY OF LOUISVILLE,248,88107,2,Other
1512,INFINEON TECHNOLOGIES AMERICAS CORP,248,136438,2,Other
1513,SIGMA SOFTWARE LLC,248,102196,2,Other
1514,NINFO SYSTEMS INC,247,103366,2,Other
1515,INFOBIZ SYSTEMS LLC,247,89999,2,Other
1516,HITACHI ENERGY USA INC,247,106256,2,Other
1517,VEN SOFT LLC,247,91675,2,Other
1518,TECHNOSOFT ENGINEERING INC,247,73757,2,Other
1519,THE TRADE DESK INC,247,141736,2,Other
1520,CDK GLOBAL LLC,246,122342,2,Other
1521,EMD MILLIPORE CORPORATION,246,118338,1,Pharma & Biotech
1522,CONDUENT STATE & LOCAL SOLUTIONS INC,246,109314,2,Other
1523,STANFORD UNIVERSITY/SLAC NATIONAL ACCELERATOR LABORATORY,246,98547,2,Other
1524,NIKE USA INC,246,168458,2,Other
1525,TRENMOR LLC,246,113958,2,Other
1527,COMPREHENSIVE RESOURCES INC,246,92823,2,Other
1528,S&P GLOBAL MARKET INTELLIGENCE INC,245,126774,2,Other
1529,OCLC INC,245,108056,2,Other
1530,KAIZEN TECHNOLOGIES INC,245,87708,2,Other
1531,RACKSPACE US INC,245,134104,2,Other
1532,PEOPLE CENTER INC,245,224208,2,Other
1533,AVERON SOLUTIONS INC,245,99395,2,Other
1534,PROPHECY CONSULTING INC,245,100728,2,Other
1535,KNOWLEDGE RESOURCES GROUP INC,244,56621,2,Other
1536,CLOUDWICK TECHNOLOGIES INC,244,139895,2,Other
1537,PRODAPT NORTH AMERICA INC,244,99162,2,Other
1538,CORNERSTONE RESEARCH INC,244,158048,2,Other
1539,PRESBYTERIAN HEALTHCARE SERVICES,244,242561,1,Hospitals & Health systems
1540,NATIONAL FINANCIAL SERVICES LLC,244,96496,2,Other
1541,SECURONIX INC,243,109189,2,Other
1543,THE UNIVERSITY OF PHOENIX INC,243,110490,2,Other
1544,HARMAN BECKER AUTOMOTIVE SYSTEMS INC,243,135538,2,Other
1545,ERP CLOUD TECHNOLOGIES LLC,243,93286,2,Other
1546,DPR SOLUTIONS INC,243,93728,2,Other
1547,ISPACE INC,242,94776,2,Other
1548,OSF HEALTHCARE SYSTEM,242,79197,1,Hospitals & Health systems
1550,CHEVRON CORPORATION,242,178170,2,Other
1551,INTELI PLATFORMS INC,242,87991,2,Other
1552,BLIZZARD ENTERTAINMENT INC,242,143982,2,Other
1553,TRINITY PARTNERS LLC,242,124485,1,Healthcare & life-sci consulting
1554,GEOSYNTEC CONSULTANTS INC,242,83016,2,Other
1555,COLD SPRING HARBOR LABORATORY,241,72261,1,Academic medicine & Research
1556,HOMESITE GROUP INC,241,114307,2,Other
1557,UIPATH INC,241,159212,2,Other
1558,VDRIVE IT SOLUTIONS INC,241,90142,2,Other
1559,SUNRAISE TECHNOLOGIES INC,241,98617,2,Other
1560,THOUGHT BYTE INC,241,94790,2,Other
1561,MULTIPLAN INC,241,124767,1,Payers & Pharmacy benefits
1562,KOLLASOFT INC,241,97570,2,Other
1563,GLOBAL TECHNOLOGY ASSOCIATES LLC,241,98131,2,Other
1564,IT PREMIA GROUP INC,241,90040,2,Other
1565,GALAXESOLUTIONS INC,240,105109,2,Other
1566,WORLDPAY LLC,240,146015,2,Other
1567,CIGNA HEALTH & LIFE INSURANCE COMPANY,240,123739,1,Payers & Pharmacy benefits
1568,HUMAC INC,240,89026,2,Other
1569,COMMUNICATIONS TEST DESIGN INC,240,97940,2,Other
1570,PI SQUARE TECHNOLOGIES LLC,240,86511,2,Other
1572,MI SOFTECH INC,239,86696,2,Other
1573,ALLSTATE INSURANCE COMPANY,239,129929,2,Other
1574,SOURCEINFO TECH INC,239,89246,2,Other
1575,CORTEVA AGRISCIENCE LLC,239,103882,2,Other
1576,THE HERTZ CORPORATION,239,105101,2,Other
1577,ENCLOUD SERVICES LLC,239,96104,2,Other
1578,INTELLYK INC,239,86901,2,Other
1579,SAICON CONSULTANTS INC,239,102614,2,Other
1582,ADBAKX LLC,238,98643,2,Other
1583,NEW YORK CITY HEALTH AND HOSPITALS CORPORATION,238,95433,1,Hospitals & Health systems
1584,POLARIS CONSULTING & SERVICES LTD,238,101306,2,Other
1585,CHARLES RIVER LABORATORIES INC,238,124591,1,CRO & Life-sci services
1586,SRIVIN INFOSYSTEMS INC,238,82524,2,Other
1587,ENQUERO INC,238,140947,2,Other
1588,THE UNIVERSITY OF KANSAS MEDICAL CENTER,238,118931,1,Academic medicine & Research
1589,SRI INFOTECH INC,237,103746,2,Other
1590,EAB GLOBAL INC,237,103466,2,Other
1591,CASPEX CORP,237,111437,2,Other
1592,GEOMETRIC AMERICAS INC,237,86218,2,Other
1593,STIER SOLUTIONS INC,237,99433,2,Other
1594,COOLSOFT LLC,237,87747,2,Other
1595,TEXAS STATE UNIVERSITY,237,74684,2,Other
1596,CLOUD BC LABS INC,237,111161,2,Other
1597,ALEXION PHARMACEUTICALS INC,237,136524,1,Pharma & Biotech
1598,UNIVERSITY OF NEVADA LAS VEGAS,237,92356,2,Other
1599,WALGREEN CO,236,147319,1,Pharmacy & Distribution
1600,COMERICA MANAGEMENT COMPANY,236,129964,2,Other
1601,GROUPM WORLDWIDE LLC,236,121057,2,Other
1602,INTELLECT BUSINESS SOLUTIONS LLC,236,102020,2,Other
1603,NATIONAL OILWELL VARCO LP,236,111412,2,Other
1604,TORQUE TECHNOLOGIES LLC,236,94781,2,Other
1605,DEEMSYS INC,236,91516,2,Other
1606,UTAH STATE UNIVERSITY,236,75875,2,Other
1607,UNIVERSITY OF ILLINOIS CHICAGO,236,114984,2,Other
1608,HRB PROFESSIONAL RESOURCES LLC,236,122994,2,Other
1609,CARESOFT GLOBAL TECHNOLOGIES INC,236,86366,2,Other
1610,IKCON TECHNOLOGIES INC,236,101310,2,Other
1611,FREEDOM MORTGAGE CORPORATION,235,113200,2,Other
1612,IHS GLOBAL INC,235,100299,2,Other
1613,ZOOM COMMUNICATIONS INC,235,173611,2,Other
1614,VERVENEST TECHNOLOGIES INC,235,94274,2,Other
1615,THE UNIVERSITY OF TEXAS AT ARLINGTON,235,81405,2,Other
1616,MEDSTAR MEDICAL GROUP II LLC,235,267135,1,Hospitals & Health systems
1617,AVANADE INC,234,148339,2,Other
1618,G2O LLC,234,92084,2,Other
1619,EVICORE HEALTHCARE MSI LLC,234,107278,1,Payers & Pharmacy benefits
1620,GUIDEHOUSE INC,234,126605,1,Healthcare & life-sci consulting
1621,APPLICATIONS SOFTWARE TECHNOLOGY LLC,234,105142,2,Other
1622,IT TRAILBLAZERS LLC,234,96379,2,Other
1623,INFINERA CORPORATION,233,147613,2,Other
1624,KOHLER COMPANY,233,105738,2,Other
1625,SELECT MINDS LLC,233,90895,2,Other
1626,ZILLION TECHNOLOGIES INC,233,100738,2,Other
1627,BRANTA GROUP INC,233,97324,2,Other
1628,VIRTUAL NETWORX INC,233,97456,2,Other
1629,TSMC ARIZONA CORPORATION,233,113812,2,Other
1630,STATE UNIVERSITY OF NEW YORK AT STONY BROOK,233,95207,2,Other
1631,ULINE INC,233,117177,2,Other
1632,AMERICAN EAGLE OUTFITTERS INC,233,137844,2,Other
1633,P2P SOFTTEK LLC,233,112525,2,Other
1634,ENLIGHTENED SOLUTIONS LLC,233,86703,2,Other
1635,CITADEL ENTERPRISE AMERICAS SERVICES LLC,232,223286,2,Other
1636,VITESSE GROUP INC,232,89314,2,Other
1637,APEX IT SERVICES LLC,232,111602,2,Other
1638,AXISCADES INC,232,69489,2,Other
1639,BAPTIST HEALTH SOUTH FLORIDA INC,232,129506,1,Hospitals & Health systems
1640,ARTHUR J GALLAGHER SERVICE COMPANY LLC,232,120490,2,Other
1641,HARTFORD HEALTHCARE MEDICAL GROUP INC,232,289751,1,Hospitals & Health systems
1642,NEO TECH SOLUTIONS INC,231,91993,2,Other
1643,QUORA INC,231,134720,2,Other
1644,TRIPADVISOR LLC,231,130254,2,Other
1645,CONCEPT SOFTWARE & SERVICES INC,231,97667,2,Other
1646,MACY'S SYSTEMS & TECHNOLOGY INC,231,163114,2,Other
1647,TECHNO-COMP INC,231,100975,2,Other
1648,WILLIAMS-SONOMA INC,231,135477,2,Other
1649,GLOBALPOINT INC,231,109144,2,Other
1650,HNTB CORPORATION,231,121416,2,Other
1651,INTERACTIVE COMMUNICATIONS INTERNATIONAL INC,230,123193,2,Other
1652,REGIONS BANK,230,120643,2,Other
1653,PRELUDE SYSTEMS INC,230,103090,2,Other
1654,SELECTIVE INSURANCE COMPANY OF AMERICA,230,130393,2,Other
1655,ARICENT NA INC,230,114687,2,Other
1656,HURON CONSULTING SERVICES LLC,229,142079,1,Healthcare & life-sci consulting
1657,FOX CABLE NETWORK SERVICES LLC,229,162127,2,Other
1658,VARIYAS GLOBAL SOLUTIONS INC,229,96641,2,Other
1659,BLACKHAWK NETWORK INC,229,137074,2,Other
1660,CALIBER IT SOLUTIONS INC,229,94082,2,Other
1661,SARANSH INC,229,94250,2,Other
1662,INFOCEPTS LLC,229,116786,2,Other
1663,BLACKROCK INVESTMENT MANAGEMENT LLC,229,111484,2,Other
1664,SOPHOS INC,229,146665,2,Other
1665,BDO USA PC,228,122704,2,Other
1666,TEMPUS LABS INC,228,116237,1,Life-sci tools & Diagnostics
1667,EHEALTHINSURANCE SERVICES INC,228,134938,1,Payers & Pharmacy benefits
1668,GLOBAL SUMI TECHNOLOGIES INC,228,97722,2,Other
1669,TECHSTAR CONSULTING INC,228,96539,2,Other
1670,BANNER UNIVERSITY MEDICAL GROUP,228,246170,1,Hospitals & Health systems
1671,BIRLASOFT COMPUTER CORPORATION,228,106795,2,Other
1672,INSULET CORPORATION,227,120931,1,MedTech & Devices
1673,FOUNDATION MEDICINE INC,227,115083,1,Life-sci tools & Diagnostics
1674,DOLBY LABORATORIES INC,227,145758,2,Other
1675,POSITIVE GROUP LLC,227,93181,2,Other
1676,MEDALLIA INC,227,147092,2,Other
1677,EGROVE SYSTEMS CORPORATION,227,84725,2,Other
1678,THE UNIVERSITY OF TOLEDO,227,95591,2,Other
1679,CARESOURCE MANAGEMENT SERVICES LLC,226,113544,1,Payers & Pharmacy benefits
1681,SANDISK TECHNOLOGIES INC,226,146777,2,Other
1682,SYNEOS HEALTH LLC,226,108968,1,CRO & Life-sci services
1683,AFTERPAY US INC,225,175884,2,Other
1684,M3BI LLC,225,106123,2,Other
1685,SAVANNAH COLLEGE OF ART AND DESIGN INC,225,61069,2,Other
1686,TRANSAMERICA LIFE INSURANCE COMPANY,225,96514,2,Other
1687,SCOTIA CAPITAL (USA) INC,225,171681,2,Other
1689,ENTEGRIS INC,224,111609,2,Other
1690,HAPPIEST MINDS TECHNOLOGIES LTD,224,91509,2,Other
1691,MCAFEE LLC,224,125365,2,Other
1692,ABERCROMBIE & FITCH MANAGEMENT CO,224,119821,2,Other
1693,CEREBRAL TECHNOLOGIES INC,224,98906,1,Health tech & Health IT
1694,CUBIST SYSTEMATIC STRATEGIES LLC,224,188360,2,Other
1695,UNIVERSITY OF NORTH DAKOTA,224,76321,2,Other
1696,STACKLOGY INC,224,90182,2,Other
1698,REDFIN CORPORATION,223,142371,2,Other
1699,VED SOFTWARE SERVICES INC,223,88993,2,Other
1700,COGENT INTEGRATED BUSINESS SOLUTIONS INC,223,85290,2,Other
1701,R2 TECHNOLOGIES CORPORATION,223,86113,2,Other
1702,NEXZENTEK SOLUTIONS INC,223,94817,2,Other
1703,ATIEVA USA INC,223,133555,2,Other
1704,BLUE CROSS AND BLUE SHIELD OF FLORIDA INC,223,128082,1,Payers & Pharmacy benefits
1705,WEEE! INC,223,98107,2,Other
1706,ESHARES INC,223,179656,2,Other
1708,AMERICAN AXLE & MANUFACTURING INC,222,124667,2,Other
1709,DYNAMIC TECHNOLOGY INC,222,86754,2,Other
1710,AMADEUS NORTH AMERICA INC,222,123307,2,Other
1711,INTERNATIONAL TECHNOLOGY SOLUTIONS INC,222,95482,2,Other
1712,AB TECHNOLOGIES INC,222,99672,2,Other
1713,ZONESTRA TECHNOLOGIES LLC,222,89990,2,Other
1714,UBER FREIGHT US LLC,222,159182,2,Other
1715,SDLC MANAGEMENT INC,222,93493,2,Other
1716,INFOLOB SOLUTIONS INC,222,91766,2,Other
1717,SAVVY INFO SYSTEMS INC,222,93155,2,Other
1718,UNIKON IT INC,221,103294,2,Other
1719,ROCKY MOUNTAIN INSTITUTE INC,221,89975,2,Other
1720,MERIDIANSOFT INC,221,91310,2,Other
1721,SANFORD CLINIC,221,210860,1,Hospitals & Health systems
1722,AURORA OPERATIONS INC,221,155138,2,Other
1724,SAVVY IT GROUP INC,221,80112,2,Other
1725,INCYTE CORPORATION,221,135649,1,Pharma & Biotech
1726,ADP INC,220,118097,2,Other
1727,VERSA NETWORKS INC,220,173809,2,Other
1728,AMERICAN CREDIT ACCEPTANCE LLC,220,90433,2,Other
1729,ROPES & GRAY LLP,220,275646,2,Other
1730,INTELLISWIFT SOFTWARE INC,220,124149,2,Other
1732,CHARGEPOINT INC,219,156600,2,Other
1734,LENORA SYSTEMS INC,219,103482,2,Other
1735,MARUTHI TECHNOLOGIES INC,219,110942,2,Other
1736,UNIVERSITY OF NEVADA RENO,219,77534,2,Other
1737,OBJECTS ON NET INC,219,93949,2,Other
1738,ONLY IT CONSULTING LLC,219,87653,2,Other
1739,BENDIX COMMERCIAL VEHICLE SYSTEMS LLC,218,109461,2,Other
1740,JANE STREET GROUP LLC,218,233673,2,Other
1741,CIENA CORPORATION,218,153594,2,Other
1742,TERRACON CONSULTANTS INC,218,86692,2,Other
1743,MICHAEL BAKER INTERNATIONAL INC,218,82242,2,Other
1744,EMINENT SOFTWARE SERVICES,218,98952,2,Other
1745,IQUBETECHNOLOGIES INC,217,93377,2,Other
1746,RJT COMPUQUEST INC DBA APOLIS,217,98770,2,Other
1747,BJ'S WHOLESALE CLUB INC,217,137165,2,Other
1748,THE BLACKSTONE GROUP,217,144364,2,Other
1749,BRANDEIS UNIVERSITY,217,80802,2,Other
1750,ISTREAM SOLUTIONS INC,217,119502,2,Other
1751,SYMBOTIC LLC,217,139426,2,Other
1752,FORTHRIGHT SOFT INC,217,106538,2,Other
1753,HYR GLOBAL SOURCE INC,217,89887,2,Other
1754,G3 SOFT INC,217,93962,2,Other
1755,SQA CONCEPTS INC,217,101543,2,Other
1756,SUNERA TECHNOLOGIES INC,217,96233,2,Other
1757,PROWESYS INC,216,87541,2,Other
1758,SAI BUSINESS SOLUTIONS LLC,216,83859,2,Other
1759,ZULILY LLC,216,145982,2,Other
1760,THE BOEING COMPANY,216,127296,2,Other
1761,SP TECH RESOURCES INC,215,94184,2,Other
1762,THE NEW YORK TIMES COMPANY,215,145480,2,Other
1763,STRATEGIC IT EXPERTS INC,215,94967,2,Other
1764,SAVI TECHNOLOGIES INC,215,87208,2,Other
1765,SOUTHERN METHODIST UNIVERSITY,215,99776,2,Other
1766,BI LABS INC,215,92539,2,Other
1768,EXEL INC,215,97049,2,Other
1769,SAILPOINT TECHNOLOGIES INC,215,134270,2,Other
1770,DREXEL UNIVERSITY,215,83519,2,Other
1771,WEIL GOTSHAL & MANGES LLP,215,264251,2,Other
1772,CUMMINS FILTRATION INC,215,88591,2,Other
1773,SCOTTLINE LLC,215,89023,2,Other
1774,NOMURA AMERICA SERVICES LLC,215,129160,2,Other
1775,UNIFY SOLUTIONS INC,215,100545,2,Other
1777,I2U SYSTEMS INC,214,92892,2,Other
1778,INNOMINDS SOFTWARE INC,214,99783,2,Other
1779,BERING STRAIT SCHOOL DISTRICT,214,74998,2,Other
1780,LENOVO GLOBAL TECHNOLOGY (UNITED STATES) INC,214,104747,2,Other
1781,MASTECH DIGITAL CONSULTING INC,214,94197,2,Other
1782,FLUOR ENTERPRISES INC,214,115872,2,Other
1783,POINT72 ASSET MANAGEMENT LP,214,195883,2,Other
1784,NATIONSTAR MORTGAGE LLC,214,120316,2,Other
1785,TETRASOFT INC,213,90392,2,Other
1786,CONVERSANTIT INC,213,99697,2,Other
1787,SINGULAR ANALYSTS INC,213,86054,2,Other
1788,SAMBANOVA SYSTEMS INC,213,164465,2,Other
1789,FLEXERA GLOBAL INC,213,100356,2,Other
1790,FEV NORTH AMERICA INC,213,96806,2,Other
1791,PEACEHEALTH,213,242556,1,Hospitals & Health systems
1792,ZT GROUP INT'L INC,213,124720,2,Other
1793,INFOMERICA INC,213,88724,2,Other
1795,INTEL FEDERAL LLC,213,114945,2,Other
1796,STANDARD CHARTERED BANK,213,162661,2,Other
1797,H-E-B LP,212,120398,2,Other
1798,MOBILE PROGRAMMING LLC,212,107572,2,Other
1799,VCU HEALTH SYSTEM AUTHORITY,212,209791,1,Hospitals & Health systems
1800,RIPPLE LABS INC,212,173388,2,Other
1801,LSU HEALTH SCIENCES CENTER - SHREVEPORT,212,219311,1,Academic medicine & Research
1802,YERRALPHA LLC,212,85309,2,Other
1803,SGS TECHNOLOGIE LLC,212,99295,2,Other
1804,NEW MEXICO STATE UNIVERSITY,212,72591,2,Other
1805,NEXTEER AUTOMOTIVE CORPORATION,212,102033,2,Other
1806,AVIDXCHANGE INC,212,133724,2,Other
1807,ROCHE MOLECULAR SYSTEMS INC,212,143291,1,Life-sci tools & Diagnostics
1809,ZF ACTIVE SAFETY US INC,212,115367,2,Other
1810,BETH ISRAEL DEACONESS MEDICAL CENTER,212,64911,1,Academic medicine & Research
1811,FRONTAGE LABORATORIES INC,212,78979,1,CRO & Life-sci services
1812,ADVANSOFT INTERNATIONAL INC,211,89422,2,Other
1813,MOELIS & COMPANY GROUP LP,211,180284,2,Other
1814,ADITI CONSULTING LLC,211,108367,2,Other
1815,GANNU SOFTWARE INC,211,92085,2,Other
1816,ORABASE SOLUTIONS LLC,211,90155,2,Other
1817,CIBC BANK USA,211,110238,2,Other
1818,ZF ACTIVE SAFETY AND ELECTRONICS US LLC,211,116145,2,Other
1819,AGAP TECHNOLOGIES INC,211,95391,2,Other
1820,BLUECROSS BLUESHIELD OF TENNESSEE INC,211,92637,1,Payers & Pharmacy benefits
1821,VOYA SERVICES COMPANY,211,138876,2,Other
1822,MYAPPSHUB LLC,211,101545,2,Other
1823,UNIVERSITY OF WYOMING,211,71337,2,Other
1824,WABTEC US RAIL INC,211,118749,2,Other
1825,RISK MANAGEMENT SOLUTIONS INC,210,139603,2,Other
1826,REMITLY INC,210,163869,2,Other
1827,QUINNOX INC,210,106612,2,Other
1828,HEALTHEDGE SOFTWARE INC,210,126790,1,Health tech & Health IT
1829,ABN TECH CORPORATION,210,89857,2,Other
1830,M9 CONSULTING INC,210,105162,2,Other
1831,NIHA TECHNOLOGIES INC,210,99154,2,Other
1832,PAREXEL INTERNATIONAL LLC,210,136675,1,CRO & Life-sci services
1834,MOTOROLA MOBILITY LLC,209,101506,2,Other
1835,SOFTOVAINC,209,93050,2,Other
1836,EPSOFT TECHNOLOGIES LLC,209,93867,2,Other
1837,CHEGG INC,209,174300,2,Other
1838,TEKTRA IT SERVICES INC,208,97308,2,Other
1840,ANDHUS TECHNOLOGIES INC,208,95362,2,Other
1841,EUCLID INNOVATIONS INC,208,94111,2,Other
1842,EGENCIA LLC,208,125326,2,Other
1843,URPAN TECHNOLOGIES INC,208,99837,2,Other
1844,TEKSOFT SYSTEMS INC,208,98199,2,Other
1845,PITNEY BOWES INC,208,122470,2,Other
1846,UNIVERSITY OF TEXAS AT SAN ANTONIO,208,79955,2,Other
1847,CBS INTERACTIVE INC,208,143099,2,Other
1848,SIERRA CONSULTING INC,208,92484,2,Other
1849,TECH MAHINDRA TECHNOLOGIES INC,208,98392,2,Other
1850,RALPH LAUREN CORPORATION,208,145103,2,Other
1851,SUPER MICRO COMPUTER INC,208,122157,2,Other
1852,TOWER RESEARCH CAPITAL LLC,208,150653,2,Other
1853,TOAST INC,208,152085,2,Other
1855,ELITE IT TECHNOLOGIES LLC,207,103391,2,Other
1856,KEYBANK NATIONAL ASSOCIATION,207,106614,2,Other
1857,BEAN INFOSYSTEMS LLC,207,98358,2,Other
1858,FITCH RATINGS INC,207,132032,2,Other
1859,GYANSYS INC,207,119946,2,Other
1860,THE CHILDREN'S MERCY HOSPITAL,207,150045,1,Hospitals & Health systems
1861,STIAOS TECHNOLOGIES INC,207,90040,2,Other
1862,TECHNOCORP SOLUTIONS INC,207,90617,2,Other
1863,TRIMBLE INC,207,120354,2,Other
1864,SU ESCUELA LANGUAGE ACADEMY LLC,206,39994,2,Other
1866,MINISOFT TECHNOLOGIES LLC,206,101410,2,Other
1867,GE ENERGY MANAGEMENT SERVICES LLC,206,127753,2,Other
1868,INTERSYSTEMS CORPORATION,206,115992,1,Health tech & Health IT
1869,SANTANDER CONSUMER USA INC,206,115344,2,Other
1870,MASTEK INC,206,119625,2,Other
1871,DOMINO'S PIZZA INC,205,108261,2,Other
1872,O2 TECHNOLOGIES INC,205,94458,2,Other
1873,AMNEAL PHARMACEUTICALS LLC,205,112477,1,Pharma & Biotech
1874,TURO INC,205,174838,2,Other
1875,TAILORED SHARED SERVICES LLC,205,147782,2,Other
1876,LOYOLA UNIVERSITY CHICAGO,205,81524,2,Other
1877,STAXA TECHNOLOGIES LLC,205,93503,2,Other
1878,DELASOFT INC,205,100235,2,Other
1879,USM BUSINESS SYSTEMS INC,205,96655,2,Other
1880,ADT LLC,205,113443,2,Other
1881,I28 TECHNOLOGIES CORPORATION,205,95450,2,Other
1882,VOLKSWAGEN GROUP OF AMERICA INC,205,139501,2,Other
1883,INFORMATION TECHNOLOGY AND MANAGEMENT CONSULTING INC,204,119406,2,Other
1884,GUSTO INC,204,200989,2,Other
1885,SVATS INC,204,91246,2,Other
1886,ECOM CONSULTING INCORPORATED,204,97240,2,Other
1887,US ARMY DEFENSE LANGUAGE INSTITUTE FOREIGN LANGUAGE CENTER,204,67112,2,Other
1888,SEATTLE CHILDREN'S HOSPITAL,204,87193,1,Hospitals & Health systems
1889,YASH & LUJAN CONSULTING INC,204,104614,2,Other
1890,ZUORA INC,204,151817,2,Other
1891,NATIONAL INSTRUMENTS CORPORATION,204,124301,2,Other
1892,NEUBERGER BERMAN GROUP LLC,203,145864,2,Other
1893,EDELMAN FINANCIAL ENGINES LLC,203,128280,2,Other
1894,VEN SOLUTIONS LLC,203,89332,2,Other
1895,AJACE INC,203,109327,2,Other
1896,LAMBDANETS INC,203,85180,2,Other
1897,MAXLINEAR INC,203,132252,2,Other
1898,MASTECH DIGITAL SOLUTIONS INC,203,92443,2,Other
1899,USAA FEDERAL SAVINGS BANK,203,131481,2,Other
1900,HSBC BANK USA NA,202,156484,2,Other
1901,SECUREWORKS INC,202,128482,2,Other
1902,CELORIS TECH LLC,202,93531,2,Other
1903,DIGITAL SCRIPTS INC,202,95167,2,Other
1904,WEST CONTRA COSTA UNIFIED SCHOOL DISTRICT,202,71943,2,Other
1905,ABBVIE US LLC,202,141746,1,Pharma & Biotech
1906,SOFTRAMS LLC,202,126402,2,Other
1907,ALLEGHENY CLINIC,202,322278,1,Hospitals & Health systems
1908,EDU INFOTECH INTERNATIONAL RESOURCES INC,202,52228,2,Other
1910,VIRTU FINANCIAL OPERATING LLC,201,129874,2,Other
1911,RAMPS INTERNATIONAL INC,201,100071,2,Other
1912,MASTECH DIGITAL SERVICES INC,201,91981,2,Other
1913,PONYAI INC,201,160196,2,Other
1914,NETWORK OBJECTS INC,201,94261,2,Other
1915,LAZARD FRERES & CO LLC,201,181687,2,Other
1916,ENTERNET BUSINESS SYSTEMS INC,201,104189,2,Other
1917,TAPESTRY INC,201,118127,2,Other
1919,HOUZZ INC,200,153320,2,Other
1920,PROLIFICS INC,200,101613,2,Other
1921,FAMILY HEALTHCARE NETWORK,200,229917,1,Hospitals & Health systems
1922,JASPER COUNTY SCHOOL DISTRICT,200,49048,2,Other
1923,TELEWORLD SOLUTIONS INC,200,108530,2,Other
1924,4CONSULTING INC,200,88104,2,Other
1925,UNITED IT SOLUTIONS INC,200,97470,2,Other
1926,EPIC GAMES INC,200,152890,2,Other
1927,OM TEK INC,200,93402,2,Other
1928,BANKERS HEALTHCARE GROUP LLC,200,129530,2,Other
1929,DELTA DENTAL INSURANCE COMPANY,200,129340,1,Payers & Pharmacy benefits
1930,NEW JERSEY INSTITUTE OF TECHNOLOGY,200,94446,2,Other
1931,ISR INFO WAY INC,200,102741,2,Other
1932,CDW LLC,200,117956,2,Other
1933,PIKE SOLUTIONS INC,199,94316,2,Other
1934,KENT STATE UNIVERSITY,199,75199,2,Other
1935,FINANCIAL INDUSTRY REGULATORY AUTHORITY INC,199,139170,2,Other
1936,INDUS VALLEY CONSULTANTS INC,199,93891,2,Other
1937,GATEWAY SOLUTIONS INC,199,88387,2,Other
1938,ROYAL CYBER INC,199,115158,2,Other
1939,CIMPRESS USA INCORPORATED,199,127319,2,Other
1940,VISTALTECH INC,199,92670,2,Other
1941,BRUNSWICK CORPORATION,199,114375,2,Other
1942,BYTE LINK SYSTEMS INC,199,85219,2,Other
1943,ORANGEBURG COUNTY SCHOOL DISTRICT,198,57090,2,Other
1944,GREENSKY MANAGEMENT COMPANY LLC,198,124862,2,Other
1945,ACUITY BRANDS LIGHTING INC,198,89400,2,Other
1946,ACCELERATED ENGINEERING,198,87857,2,Other
1947,NERDPINE SOLUTIONS LLC,198,88393,2,Other
1948,UHCP D/B/A UPMC MEDICAL EDUCATION,198,63826,1,Hospitals & Health systems
1949,SMBC CAPITAL MARKETS INC,198,139479,2,Other
1950,NAN INC,198,77302,2,Other
1951,HOME DEPOT USA INC,198,109639,2,Other
1952,PERKINS & WILL INC,198,66885,2,Other
1953,IFLOWSOFT SOLUTIONS INC,198,95588,2,Other
1954,GOMIAPP LLC,198,96937,2,Other
1955,PSEMI CORPORATION,198,123894,2,Other
1956,EMBRY-RIDDLE AERONAUTICAL UNIVERSITY,198,82895,2,Other
1957,A9COM INC,198,177027,2,Other
1958,CARESOFT GLOBAL INC,198,76127,2,Other
1959,HEXACORP LLC,198,81475,2,Other
1960,HIGH QUARTILE LLC,198,107415,2,Other
1961,BKFS I SERVICES LLC,198,101477,2,Other
1962,CTC TRADING GROUP LLC,197,179180,2,Other
1963,CARDLYTICS INC,197,146326,2,Other
1964,SEAGEN INC,197,122040,1,Pharma & Biotech
1965,DASSAULT SYSTEMES SIMULIA CORP,197,113087,2,Other
1966,SANCTITYINTERNATIONAL LLC,197,76391,2,Other
1967,MODERNA SERVICES INC,197,154371,1,Pharma & Biotech
1968,PRICELINECOM LLC,197,130500,2,Other
1969,AVANI SYSTEMS INC,197,92770,2,Other
1970,SATHRAM CORPORATION,197,94409,2,Other
1971,O9 SOLUTIONS INC,197,134271,2,Other
1972,SLESHA INC,197,83228,2,Other
1973,GROUP HEALTH PLAN INC,197,112870,1,Payers & Pharmacy benefits
1974,BROADRANGE TECHNOLOGIES INC,197,79940,2,Other
1975,RENEE SYSTEMS INC,197,88652,2,Other
1976,SYNERGY TECHNOLOGIES LLC,197,96409,2,Other
1977,RELEVANTZ TECHNOLOGY SERVICES INC,197,116951,2,Other
1978,MICROINFO INC,197,96071,2,Other
1979,JACKSON PUBLIC SCHOOL DISTRICT,197,53116,2,Other
1980,SMART SOURCE TECHNOLOGIES INC,196,96462,2,Other
1981,ADVANITY TECHNOLOGIES LLC,196,91503,2,Other
1982,DISCORD INC,196,220513,2,Other
1984,IBASE CONSULTING OF FAIRFIELD COUNTY LLC,196,92232,2,Other
1985,FIRST OBJECT INC,196,96456,2,Other
1986,ICLOUD TECHNOLOGIES CORP,196,93599,2,Other
1987,SUMO LOGIC INC,196,161988,2,Other
1988,SATYA MARG SOLUTIONS INC,196,94060,2,Other
1989,LENDINGCLUB CORPORATION,195,126356,2,Other
1990,THE MARY IMOGENE BASSETT HOSPITAL,195,187133,1,Hospitals & Health systems
1991,CODE ACE SOLUTIONS INC,195,99049,2,Other
1992,STEVENS INSTITUTE OF TECHNOLOGY,195,103931,2,Other
1993,HORKUS SOLUTIONS INC,195,93692,2,Other
1995,UNISOFT SOLUTIONS LLC,195,104297,2,Other
1996,PHYSICIANS MUTUAL INSURANCE COMPANY,195,114758,1,Payers & Pharmacy benefits
1997,OMSAI COM LLC,195,80203,2,Other
1998,CLAYCO INC,194,97273,2,Other
1999,EUREKA INFOTECH INC,194,95003,2,Other
2000,C-VISION INC,194,90196,2,Other
