company,careers_url,action,note
PFIZER INC,https://pfizer.wd1.myworkdayjobs.com/PfizerCareers,use,starter guess - discovery confirms or flags it
REGENERON PHARMACEUTICALS INC,https://regeneron.wd1.myworkdayjobs.com/Careers,use,starter guess
ASTRAZENECA PHARMACEUTICALS LP,https://astrazeneca.wd3.myworkdayjobs.com/Careers,use,starter guess
NOVARTIS PHARMACEUTICALS CORPORATION,https://novartis.wd3.myworkdayjobs.com/Novartis_Careers,use,starter guess
BIOGEN INC,https://biibhr.wd3.myworkdayjobs.com/external,use,starter guess
MODERNATX INC,https://modernatx.wd1.myworkdayjobs.com/M_tx,use,starter guess
GILEAD SCIENCES INC,https://gilead.wd1.myworkdayjobs.com/gileadcareers,use,starter guess
AMGEN INC,https://amgen.wd1.myworkdayjobs.com/Careers,use,starter guess
BRISTOL-MYERS SQUIBB COMPANY,https://bristolmyerssquibb.wd5.myworkdayjobs.com/BMS,use,starter guess
MERCK SHARP & DOHME LLC,https://msd.wd5.myworkdayjobs.com/SearchJobs,use,starter guess
GLAXOSMITHKLINE LLC,https://gsk.wd5.myworkdayjobs.com/GSKCareers,use,starter guess
VERTEX PHARMACEUTICALS INCORPORATED,https://vrtx.wd501.myworkdayjobs.com/vertex_careers,use,starter guess
TAKEDA PHARMACEUTICALS USA INC,https://takeda.wd3.myworkdayjobs.com/External,use,starter guess
CSL BEHRING LLC,https://csl.wd1.myworkdayjobs.com/CSL_External,use,starter guess
ZOETIS INC,https://zoetis.wd5.myworkdayjobs.com/zoetis,use,starter guess
MEDTRONIC INC,https://medtronic.wd1.myworkdayjobs.com/MedtronicCareers,use,starter guess
STRYKER CORPORATION,https://stryker.wd1.myworkdayjobs.com/StrykerCareers,use,starter guess
BECTON DICKINSON AND COMPANY,https://bdx.wd1.myworkdayjobs.com/EXTERNAL_CAREER_SITE_USA,use,starter guess
EDWARDS LIFESCIENCES LLC,https://edwards.wd5.myworkdayjobs.com/EdwardsCareers,use,starter guess
THERMO FISHER SCIENTIFIC INC,https://thermofisher.wd5.myworkdayjobs.com/ThermoFisherCareers,use,starter guess
ILLUMINA INC,https://illumina.wd1.myworkdayjobs.com/illumina-careers,use,starter guess
HUMANA INC,https://humana.wd5.myworkdayjobs.com/Humana_External_Career_Site,use,starter guess
CVS PHARMACY INC,https://cvshealth.wd1.myworkdayjobs.com/CVS_Health_Careers,use,starter guess
ELEVANCE HEALTH INC,https://elevancehealth.wd1.myworkdayjobs.com/ANT,use,starter guess
CIGNA-EVERNORTH SERVICES INC,https://cigna.wd5.myworkdayjobs.com/cignacareers,use,starter guess
CARDINAL HEALTH,https://cardinalhealth.wd1.myworkdayjobs.com/EXT,use,starter guess
IQVIA INC,https://iqvia.wd1.myworkdayjobs.com/IQVIA,use,starter guess
ATHENAHEALTH INC,https://athenahealth.wd1.myworkdayjobs.com/External,use,starter guess
MASS GENERAL BRIGHAM INCORPORATED,https://massgeneralbrigham.wd1.myworkdayjobs.com/MGBExternal,use,starter guess
VEEVA SYSTEMS INC,https://jobs.lever.co/veeva,use,starter guess
